{
  "horizon": 10,
  "window": "Window 1",
  "model": "xgb",
  "timestamp": "2026-04-19T10:17:44.621740",
  "train": {
    "rmse": 38.4577587089586,
    "mae": 6.265804018026714,
    "mape": 223.56661733941792,
    "smape": 150.86915146533738,
    "weighted_rmse": 0.0,
    "pearson": 0.17318611225803446,
    "r2": 0.02158508524274938,
    "directional_accuracy": 0.5979759204327343,
    "weighted_mape": 210.6000875641059,
    "y_mean_diff": 1.0257559449705083,
    "y_std_ratio": 0.08536646143691384,
    "y_range_coverage": 0.01036922745605898
  },
  "valid": {
    "rmse": 22.302544790582957,
    "mae": 4.274090764771626,
    "mape": 635.4760711638212,
    "smape": 160.52512495465666,
    "weighted_rmse": 0.0,
    "pearson": 0.11744573695130257,
    "r2": 0.00995619144394444,
    "directional_accuracy": 0.509918005290336,
    "weighted_mape": 5835.247911345477,
    "y_mean_diff": 1.30627703976955,
    "y_std_ratio": 0.0375239311777267,
    "y_range_coverage": 0.00865661996148051
  },
  "best_iteration": 500
}