{
  "horizon": 25,
  "window": "Window 4",
  "model": "xgb",
  "timestamp": "2026-04-19T13:16:17.778587",
  "train": {
    "rmse": 44.54120927716913,
    "mae": 10.886758251998089,
    "mape": 188.59298499418168,
    "smape": 104.45388064060293,
    "weighted_rmse": 0.754019179859391,
    "pearson": 0.16898927345713963,
    "r2": 0.011178951687435768,
    "directional_accuracy": 0.6775742435084849,
    "weighted_mape": 200.92665563142754,
    "y_mean_diff": -1.1873788602511988,
    "y_std_ratio": 0.03985477497761885,
    "y_range_coverage": 0.02211244215309663
  },
  "valid": {
    "rmse": 43.379434704791656,
    "mae": 11.892461849936128,
    "mape": 3693.7610786075197,
    "smape": 159.17399408712726,
    "weighted_rmse": 0.0,
    "pearson": -0.02328790146305273,
    "r2": -0.006639990267261142,
    "directional_accuracy": 0.5067749740753543,
    "weighted_mape": 101453.2087991467,
    "y_mean_diff": -1.4353134997050867,
    "y_std_ratio": 0.033462392191527024,
    "y_range_coverage": 0.011185505418409453
  },
  "best_iteration": 500
}