{
  "horizon": 25,
  "window": "Window 2",
  "model": "xgb",
  "timestamp": "2026-04-19T12:25:50.657086",
  "train": {
    "rmse": 46.37593002928835,
    "mae": 8.380184331213707,
    "mape": 210.3365452529935,
    "smape": 100.94769908685237,
    "weighted_rmse": 0.7770451289061048,
    "pearson": 0.37348360933138475,
    "r2": 0.054632491154465,
    "directional_accuracy": 0.7038767013563907,
    "weighted_mape": 583.952783372405,
    "y_mean_diff": 2.70501210633364,
    "y_std_ratio": 0.0877543035620367,
    "y_range_coverage": 0.02074323753448847
  },
  "valid": {
    "rmse": 66.70420683349656,
    "mae": 14.312380808240242,
    "mape": 1886.6104690662673,
    "smape": 153.12907079757053,
    "weighted_rmse": 0.0,
    "pearson": -0.015581043226035181,
    "r2": -0.004936969779839595,
    "directional_accuracy": 0.5108095117501434,
    "weighted_mape": 18041.858534482115,
    "y_mean_diff": 2.345833026801017,
    "y_std_ratio": 0.07595337966166583,
    "y_range_coverage": 0.014563214636903363
  },
  "best_iteration": 500
}