{
  "horizon": 1,
  "model": "lgbm_shap_20",
  "timestamp": "2026-04-19T21:17:26.820324",
  "train": {
    "rmse": 11.696262046449357,
    "mae": 2.134086044138426,
    "mape": 110.22134363709534,
    "smape": 193.30263661581714,
    "weighted_rmse": 0.10452366256553518,
    "pearson": 0.07656953862434392,
    "r2": 0.0005844128799276094,
    "directional_accuracy": 0.5606278447929528,
    "weighted_mape": 124.77413797648529,
    "y_mean_diff": 0.07421247397880018,
    "y_std_ratio": 0.004193809247381551,
    "y_range_coverage": 0.0014274838832586403
  },
  "valid": {
    "rmse": 10.314613313834776,
    "mae": 2.363345776613579,
    "mape": 107.94771813326511,
    "smape": 193.5279538510085,
    "weighted_rmse": 0.02118956658938396,
    "pearson": 0.029981813058568275,
    "r2": 0.00027786103918636673,
    "directional_accuracy": 0.5407284472897465,
    "weighted_mape": 121.86167182619675,
    "y_mean_diff": 0.07051992100028244,
    "y_std_ratio": 0.004473847124036483,
    "y_range_coverage": 0.0009178735351723746
  },
  "best_iteration": 11,
  "features_used": 246
}