{
  "horizon": 3,
  "model": "lgbm_shap_10",
  "timestamp": "2026-04-20T11:32:23.046736",
  "train": {
    "rmse": 19.250803078200736,
    "mae": 3.755495439526746,
    "mape": 116.28902793094183,
    "smape": 188.26277931185322,
    "weighted_rmse": 0.1290496564127868,
    "pearson": 0.1534332613867838,
    "r2": 0.011369651342479581,
    "directional_accuracy": 0.5641108669195689,
    "weighted_mape": 91.8343038034368,
    "y_mean_diff": 0.10256720002358269,
    "y_std_ratio": 0.04323321546761496,
    "y_range_coverage": 0.026890823947021313
  },
  "valid": {
    "rmse": 17.41611027719457,
    "mae": 4.167122820624899,
    "mape": 120.22765463572604,
    "smape": 188.41573203349108,
    "weighted_rmse": 0.03901019451334578,
    "pearson": 0.03180625428512213,
    "r2": 0.000895414151965479,
    "directional_accuracy": 0.5642649539643503,
    "weighted_mape": 110.57399131273759,
    "y_mean_diff": 0.10494177447936312,
    "y_std_ratio": 0.03557959768637743,
    "y_range_coverage": 0.015243416635183991
  },
  "best_iteration": 32,
  "features_used": 90
}