{
  "horizon": 3,
  "window": "Window 3",
  "model": "xgb",
  "timestamp": "2026-04-19T10:09:51.693676",
  "train": {
    "rmse": 20.422426745657535,
    "mae": 4.351208250015342,
    "mape": 143.51956739256573,
    "smape": 171.37440536810126,
    "weighted_rmse": 0.0,
    "pearson": 0.1508938168456966,
    "r2": 0.006738000993974258,
    "directional_accuracy": 0.5858004824313459,
    "weighted_mape": 238.38617221537692,
    "y_mean_diff": -0.08076145550530325,
    "y_std_ratio": 0.024341812367348538,
    "y_range_coverage": 0.02465119597431991
  },
  "valid": {
    "rmse": 17.06931481916651,
    "mae": 4.00698325110628,
    "mape": 569.8839675170196,
    "smape": 175.51648368539418,
    "weighted_rmse": 0.0,
    "pearson": -0.000522264829208102,
    "r2": -0.0007668786114540804,
    "directional_accuracy": 0.5072504448056211,
    "weighted_mape": 3501.19126601478,
    "y_mean_diff": -0.14980509555261504,
    "y_std_ratio": 0.022017410409046763,
    "y_range_coverage": 0.010710721320978505
  },
  "best_iteration": 500
}