{
  "horizon": 1,
  "window": "Window 3",
  "model": "cat",
  "timestamp": "2026-04-19T10:00:55.272288",
  "train": {
    "rmse": 11.977789635246555,
    "mae": 2.4618068523993593,
    "mape": 109.36973378219727,
    "smape": 194.34608684867453,
    "weighted_rmse": 0.05403119502898379,
    "pearson": -0.0005776109792610984,
    "r2": -9.100840365761087e-07,
    "directional_accuracy": 0.5736091886056273,
    "weighted_mape": 132.1678710771979,
    "y_mean_diff": -0.011290156547004349,
    "y_std_ratio": 1.8409074149411762e-05,
    "y_range_coverage": 2.3556808960625177e-06
  },
  "valid": {
    "rmse": 10.041806091571958,
    "mae": 2.2585382211260607,
    "mape": 106.97115528172436,
    "smape": 194.9154343352152,
    "weighted_rmse": 0.013378593256419186,
    "pearson": 0.0017144720113723016,
    "r2": -2.341984024711863e-06,
    "directional_accuracy": 0.5510501199751962,
    "weighted_mape": 128.36471684158778,
    "y_mean_diff": -0.01132885903554558,
    "y_std_ratio": 1.943726255644919e-05,
    "y_range_coverage": 1.9488807124841763e-06
  },
  "best_iteration": 236
}