{
  "horizon": 25,
  "window": "Window 3",
  "model": "lgbm",
  "timestamp": "2026-04-19T12:43:38.744647",
  "train": {
    "rmse": 56.66176627757373,
    "mae": 12.641746902308551,
    "mape": 105.65065647035172,
    "smape": 194.88972611400442,
    "weighted_rmse": 0.09659015773537201,
    "pearson": 0.0890915193968564,
    "r2": 0.00024393348729001563,
    "directional_accuracy": 0.5367259673758117,
    "weighted_mape": 104.6383108379704,
    "y_mean_diff": -0.09082617511667025,
    "y_std_ratio": 0.0013943329648721968,
    "y_range_coverage": 0.00036643576301364806
  },
  "valid": {
    "rmse": 45.586455343462255,
    "mae": 12.018121939189163,
    "mape": 106.4073219602766,
    "smape": 195.4104548552659,
    "weighted_rmse": 0.0,
    "pearson": 0.06578494149249331,
    "r2": 0.00014974937953360357,
    "directional_accuracy": 0.5192135835567471,
    "weighted_mape": 103.37429442422861,
    "y_mean_diff": -0.09311618959960727,
    "y_std_ratio": 0.0014429477379388604,
    "y_range_coverage": 0.00036643576301364806
  },
  "best_iteration": 2
}