{
  "horizon": 10,
  "window": "Window 4",
  "model": "cat",
  "timestamp": "2026-04-19T10:28:59.466535",
  "train": {
    "rmse": 31.146160380352967,
    "mae": 7.387853779535901,
    "mape": 174.70144541519693,
    "smape": 182.2023082504101,
    "weighted_rmse": 0.12965347321826906,
    "pearson": -0.0022223418970837437,
    "r2": -0.0002300291712373781,
    "directional_accuracy": 0.5444412722643346,
    "weighted_mape": 153.51876257392226,
    "y_mean_diff": -0.4683101510822779,
    "y_std_ratio": 0.0007505471596712782,
    "y_range_coverage": 0.00010508777588260638
  },
  "valid": {
    "rmse": 29.80856469587314,
    "mae": 7.802832937715145,
    "mape": 147.726466714663,
    "smape": 184.64418973344542,
    "weighted_rmse": 0.0,
    "pearson": 0.0301350566392243,
    "r2": -0.0013370624438817647,
    "directional_accuracy": 0.5325210295831889,
    "weighted_mape": 250.30027582408837,
    "y_mean_diff": -0.47504334797604886,
    "y_std_ratio": 0.0007464338824159116,
    "y_range_coverage": 9.341816494333233e-05
  },
  "best_iteration": 499
}