{
  "horizon": 1,
  "window": "Window 4",
  "model": "xgb",
  "timestamp": "2026-04-19T10:02:07.338879",
  "train": {
    "rmse": 10.44522863002914,
    "mae": 2.2896729689196276,
    "mape": 163.95743163985017,
    "smape": 166.92044830196699,
    "weighted_rmse": 0.4921722831925078,
    "pearson": 0.05538360053908474,
    "r2": 0.0009446572498011951,
    "directional_accuracy": 0.6347577313832756,
    "weighted_mape": 187.75890071303414,
    "y_mean_diff": -0.058022846104874536,
    "y_std_ratio": 0.009646771802397909,
    "y_range_coverage": 0.009530366026238699
  },
  "valid": {
    "rmse": 10.016822846671902,
    "mae": 2.386068300661684,
    "mape": 545.5085510105073,
    "smape": 176.6670190637684,
    "weighted_rmse": 0.0,
    "pearson": 0.010899986541606475,
    "r2": -8.528157707154982e-05,
    "directional_accuracy": 0.4827165301262562,
    "weighted_mape": 1044.8912861994963,
    "y_mean_diff": -0.057830381775572225,
    "y_std_ratio": 0.005292972151451329,
    "y_range_coverage": 0.003498629992156113
  },
  "best_iteration": 500
}