{
  "horizon": 25,
  "model": "baseline_lgbm_raw",
  "validation_type": "time_validation",
  "timestamp": "2026-04-20T11:31:42.251566",
  "train": {
    "rmse": 52.09033013931928,
    "mae": 10.75862041813582,
    "mape": 144.32033319346883,
    "smape": 175.10524423408827,
    "weighted_rmse": 0.20091722702706677,
    "pearson": 0.26700319940967854,
    "r2": 0.027557700089006154,
    "directional_accuracy": 0.5347956982450041,
    "weighted_mape": 165.03686525498887,
    "y_mean_diff": 0.9709819447672637,
    "y_std_ratio": 0.05868824301524974,
    "y_range_coverage": 0.015051426313234417
  },
  "valid": {
    "rmse": 43.698442741741765,
    "mae": 11.769044871713382,
    "mape": 140.07268222141096,
    "smape": 177.5558462582474,
    "weighted_rmse": 0.1054383104026258,
    "pearson": 0.12555143690995696,
    "r2": 0.012518426470187971,
    "directional_accuracy": 0.5233562562898356,
    "weighted_mape": 125.02914511156362,
    "y_mean_diff": -0.5293600016950388,
    "y_std_ratio": 0.0698753512298864,
    "y_range_coverage": 0.06689270394925127
  },
  "training_time_seconds": 0,
  "features_used": 86,
  "best_iteration": 28
}