{
  "horizon": 25,
  "model": "lgbm_shap_10",
  "timestamp": "2026-04-19T14:54:35.826105",
  "train": {
    "rmse": 52.74280983625191,
    "mae": 10.926635864666322,
    "mape": 111.04859818843254,
    "smape": 189.11929323971557,
    "weighted_rmse": 0.13515624380909294,
    "pearson": 0.19097446673678528,
    "r2": 0.0030436415774492964,
    "directional_accuracy": 0.5254296379771799,
    "weighted_mape": 186.8349904697204,
    "y_mean_diff": 1.5649902871558126,
    "y_std_ratio": 0.010558693672355709,
    "y_range_coverage": 0.0021259622452642103
  },
  "valid": {
    "rmse": 43.96691582585704,
    "mae": 11.859075441529908,
    "mape": 110.5927594917976,
    "smape": 189.8102361274644,
    "weighted_rmse": 0.04944069430200392,
    "pearson": 0.01925842829268151,
    "r2": 0.0003474381770147694,
    "directional_accuracy": 0.5157830274463229,
    "weighted_mape": 130.32733052282921,
    "y_mean_diff": 1.5073931812670325,
    "y_std_ratio": 0.012449273315448789,
    "y_range_coverage": 0.002138352128697092
  },
  "best_iteration": 8,
  "features_used": 90
}