{
  "horizon": 1,
  "window": "Window 1",
  "model": "cat",
  "timestamp": "2026-04-19T09:55:38.846548",
  "train": {
    "rmse": 14.679269106235546,
    "mae": 2.073271442262825,
    "mape": 140.8642979955065,
    "smape": 183.72503854478163,
    "weighted_rmse": 0.1216847690396687,
    "pearson": 0.004506723172294855,
    "r2": -0.00014493986044117335,
    "directional_accuracy": 0.526504158419903,
    "weighted_mape": 186.65019363411827,
    "y_mean_diff": 0.17727915054204205,
    "y_std_ratio": 0.00010453441047923311,
    "y_range_coverage": 4.827825705892528e-06
  },
  "valid": {
    "rmse": 9.170655223836123,
    "mae": 1.4729500833867102,
    "mape": 158.21781235965375,
    "smape": 184.9995700494348,
    "weighted_rmse": 0.027594599439892356,
    "pearson": 0.010698886353611653,
    "r2": -0.00023537606546764067,
    "directional_accuracy": 0.5082874092494442,
    "weighted_mape": 322.2084224939714,
    "y_mean_diff": 0.17748531802291034,
    "y_std_ratio": 9.711397077009422e-05,
    "y_range_coverage": 3.657346400331128e-06
  },
  "best_iteration": 499
}