{
  "horizon": 10,
  "window": "Window 1",
  "model": "cat",
  "timestamp": "2026-04-19T10:20:25.215326",
  "train": {
    "rmse": 38.90715383799645,
    "mae": 6.411636392641112,
    "mape": 199.7105129620998,
    "smape": 167.59677610926062,
    "weighted_rmse": 0.20692878640134493,
    "pearson": 0.0422865182238709,
    "r2": -0.0014148982126862553,
    "directional_accuracy": 0.5407041546334116,
    "weighted_mape": 155.58478181759742,
    "y_mean_diff": 1.580655449666702,
    "y_std_ratio": 0.0029137782954568167,
    "y_range_coverage": 0.00017806508222566804
  },
  "valid": {
    "rmse": 22.43164934516006,
    "mae": 4.27306299100383,
    "mape": 185.15032035326192,
    "smape": 170.40442128872635,
    "weighted_rmse": 0.0,
    "pearson": 0.05632170919768131,
    "r2": -0.0015392791147696983,
    "directional_accuracy": 0.513267084980835,
    "weighted_mape": 333.60099480345076,
    "y_mean_diff": 1.584485473634866,
    "y_std_ratio": 0.002851159283616539,
    "y_range_coverage": 0.00014879289995876243
  },
  "best_iteration": 499
}