{
  "horizon": 25,
  "model": "lgbm_baseline",
  "timestamp": "2026-04-19T14:31:48.464889",
  "train": {
    "rmse": 52.6251792180187,
    "mae": 10.893667436141047,
    "mape": 118.11622401365918,
    "smape": 185.26289210817188,
    "weighted_rmse": 0.16015283970549418,
    "pearson": 0.2140839190975487,
    "r2": 0.007485642998375397,
    "directional_accuracy": 0.5196608206422317,
    "weighted_mape": 179.28446854797681,
    "y_mean_diff": 1.4661260036250845,
    "y_std_ratio": 0.020238815741458534,
    "y_range_coverage": 0.004118603091592543
  },
  "valid": {
    "rmse": 43.942054693240806,
    "mae": 11.849888542806076,
    "mape": 115.60715425694849,
    "smape": 186.59892157481053,
    "weighted_rmse": 0.062417885185238234,
    "pearson": 0.04587735113761498,
    "r2": 0.0014776274572957382,
    "directional_accuracy": 0.5167002431852706,
    "weighted_mape": 130.4279041842755,
    "y_mean_diff": 1.4174927351840974,
    "y_std_ratio": 0.017345582860281917,
    "y_range_coverage": 0.0031534963336393553
  },
  "best_iteration": 16,
  "features_used": 10
}