{
  "horizon": 10,
  "model": "xgb_shap_10",
  "timestamp": "2026-04-19T15:08:40.458709",
  "train": {
    "rmse": 33.721318547674834,
    "mae": 6.831478369392868,
    "mape": 329.5095228454657,
    "smape": 166.46281911776404,
    "weighted_rmse": 0.23833153680232846,
    "pearson": 0.11856608583800941,
    "r2": 0.0071223896549903465,
    "directional_accuracy": 0.5623864080022617,
    "weighted_mape": 203.46889525842587,
    "y_mean_diff": 0.4785738304953874,
    "y_std_ratio": 0.03649569772621738,
    "y_range_coverage": 0.011271807213765896
  },
  "valid": {
    "rmse": 30.773930222613743,
    "mae": 7.763396632244592,
    "mape": 898.6786752889464,
    "smape": 172.0685662782963,
    "weighted_rmse": 0.0,
    "pearson": 0.00036405628116634463,
    "r2": -0.002640795017297304,
    "directional_accuracy": 0.517891010241497,
    "weighted_mape": 2774.7438986562815,
    "y_mean_diff": 0.35798195160439616,
    "y_std_ratio": 0.046329994582907465,
    "y_range_coverage": 0.008124284951697999
  },
  "features_used": 90
}