{
  "horizon": 25,
  "model": "lgbm_all_plus_shap",
  "timestamp": "2026-04-19T13:51:42.785369",
  "train": {
    "rmse": 52.750360963328795,
    "mae": 10.931680791348711,
    "mape": 108.46842343966925,
    "smape": 189.9179479922342,
    "weighted_rmse": 0.13134710103779662,
    "pearson": 0.3321083190162274,
    "r2": 0.002758154965197046,
    "directional_accuracy": 0.5468217005399194,
    "weighted_mape": 188.51006026328204,
    "y_mean_diff": 1.6189683781347324,
    "y_std_ratio": 0.005614164486083161,
    "y_range_coverage": 0.001125186426523315
  },
  "valid": {
    "rmse": 43.96659466091963,
    "mae": 11.864212857139066,
    "mape": 107.00427383655511,
    "smape": 191.6934164856085,
    "weighted_rmse": 0.03123981324841332,
    "pearson": 0.05517364464651086,
    "r2": 0.00036204243905257893,
    "directional_accuracy": 0.5376313700160134,
    "weighted_mape": 132.04298906312732,
    "y_mean_diff": 1.6489178358378798,
    "y_std_ratio": 0.0030560358197377247,
    "y_range_coverage": 0.0008561372456955414
  },
  "best_iteration": 4,
  "features_used": 172
}