{
  "horizon": 10,
  "model": "lgbm_baseline",
  "timestamp": "2026-04-19T14:31:30.222225",
  "train": {
    "rmse": 33.51332543303591,
    "mae": 6.821035754252913,
    "mape": 246.04289585938278,
    "smape": 183.70209322910375,
    "weighted_rmse": 0.11119137292912457,
    "pearson": 0.19082772610832913,
    "r2": 0.01933275587597505,
    "directional_accuracy": 0.5393765725133641,
    "weighted_mape": 144.43040818132826,
    "y_mean_diff": 0.3621756590617148,
    "y_std_ratio": 0.06056670498061315,
    "y_range_coverage": 0.012786794703268893
  },
  "valid": {
    "rmse": 30.674979310910235,
    "mae": 7.733197062695464,
    "mape": 595.8971802608489,
    "smape": 184.8500760210408,
    "weighted_rmse": 0.06865189337501555,
    "pearson": 0.06397227426085343,
    "r2": 0.0037966483578510957,
    "directional_accuracy": 0.5380815433517262,
    "weighted_mape": 142.0868437736021,
    "y_mean_diff": 0.22714493960167126,
    "y_std_ratio": 0.06839134542723711,
    "y_range_coverage": 0.013382289090605758
  },
  "best_iteration": 21,
  "features_used": 10
}