{
  "horizon": 1,
  "window": "Window 1",
  "model": "lgbm",
  "timestamp": "2026-04-19T09:51:29.325953",
  "train": {
    "rmse": 14.660441553075371,
    "mae": 2.0628270459966047,
    "mape": 133.83960567270805,
    "smape": 181.04888506757572,
    "weighted_rmse": 0.255327649603745,
    "pearson": 0.08442551161091964,
    "r2": 0.002418976105223458,
    "directional_accuracy": 0.5892685999068977,
    "weighted_mape": 169.9874979403156,
    "y_mean_diff": 0.13761415660396945,
    "y_std_ratio": 0.016449099228071664,
    "y_range_coverage": 0.0028527514261662917
  },
  "valid": {
    "rmse": 9.166530315423925,
    "mae": 1.4709024963044317,
    "mape": 164.23109570042865,
    "smape": 184.19171621888705,
    "weighted_rmse": 0.034028404589907864,
    "pearson": 0.03824810731977026,
    "r2": 0.0006642219060484233,
    "directional_accuracy": 0.5337244795572408,
    "weighted_mape": 290.1266652337097,
    "y_mean_diff": 0.1613006074977354,
    "y_std_ratio": 0.008446543128679318,
    "y_range_coverage": 0.002371786652362333
  },
  "best_iteration": 25
}