{
  "horizon": 3,
  "model": "catboost_shap_10",
  "timestamp": "2026-04-19T17:01:58.549413",
  "train": {
    "rmse": 19.361984658978578,
    "mae": 3.7827249502111586,
    "mape": 120.77308394441239,
    "smape": 185.41143557800618,
    "weighted_rmse": 0.10742173198027236,
    "pearson": 0.02479167584696026,
    "r2": -8.284699213945146e-05,
    "directional_accuracy": 0.5370051324542745,
    "weighted_mape": 77.65787018935845,
    "y_mean_diff": 0.23646579806067616,
    "y_std_ratio": 0.001375716916887061,
    "y_range_coverage": 9.676279165809503e-05
  },
  "valid": {
    "rmse": 17.423695467221027,
    "mae": 4.176773980700619,
    "mape": 123.36855593555055,
    "smape": 187.11502144543067,
    "weighted_rmse": 0.0,
    "pearson": 0.009262747804301724,
    "r2": 2.4950159875802846e-05,
    "directional_accuracy": 0.5220248512757824,
    "weighted_mape": 154.60047254759445,
    "y_mean_diff": 0.23455656530649732,
    "y_std_ratio": 0.0013162433618457235,
    "y_range_coverage": 7.079893173435595e-05
  },
  "best_iteration": 499,
  "features_used": 90
}