{
  "horizon": 1,
  "model": "lgbm_all_plus_shap",
  "timestamp": "2026-04-19T13:47:32.953120",
  "train": {
    "rmse": 11.683765576078054,
    "mae": 2.1285908232542408,
    "mape": 121.04774610938429,
    "smape": 187.5686327573596,
    "weighted_rmse": 0.156488256482542,
    "pearson": 0.1079598608108512,
    "r2": 0.0027188547062304558,
    "directional_accuracy": 0.5754043599002742,
    "weighted_mape": 129.78484911393952,
    "y_mean_diff": 0.05990124573664701,
    "y_std_ratio": 0.013565669133671646,
    "y_range_coverage": 0.0032775217325682004
  },
  "valid": {
    "rmse": 10.313374340967643,
    "mae": 2.3608464651471923,
    "mape": 127.55268221522135,
    "smape": 188.5302120958634,
    "weighted_rmse": 0.040688232509911965,
    "pearson": 0.03282674555218096,
    "r2": 0.000518016278405864,
    "directional_accuracy": 0.5581726504505345,
    "weighted_mape": 128.5214931683367,
    "y_mean_diff": 0.05957707535183035,
    "y_std_ratio": 0.00808794346988343,
    "y_range_coverage": 0.0020984216930200437
  },
  "best_iteration": 20,
  "features_used": 172
}