{
  "horizon": 10,
  "model": "catboost_shap_10",
  "timestamp": "2026-04-19T17:14:59.936715",
  "train": {
    "rmse": 33.84655002366526,
    "mae": 6.889142881158192,
    "mape": 215.51658719298902,
    "smape": 178.82516341719958,
    "weighted_rmse": 0.12343861615072091,
    "pearson": 0.03568258600279258,
    "r2": -0.0002658392147285582,
    "directional_accuracy": 0.5384301828990099,
    "weighted_mape": 160.0700330914925,
    "y_mean_diff": 0.7218932219055969,
    "y_std_ratio": 0.0027574588782025514,
    "y_range_coverage": 0.00014267751825476822
  },
  "valid": {
    "rmse": 30.732454183895186,
    "mae": 7.761708812086422,
    "mape": 463.42819557136113,
    "smape": 182.15438859386853,
    "weighted_rmse": 0.047504754094977515,
    "pearson": 0.014024442283570498,
    "r2": 6.0032880793814414e-05,
    "directional_accuracy": 0.5327830635984322,
    "weighted_mape": 179.2411051311709,
    "y_mean_diff": 0.72029050138835,
    "y_std_ratio": 0.002503318650682913,
    "y_range_coverage": 0.00012014211920331968
  },
  "best_iteration": 434,
  "features_used": 90
}