{
  "horizon": 25,
  "model": "catboost_shap_10",
  "timestamp": "2026-04-19T20:30:07.352753",
  "train": {
    "rmse": 52.84997651641025,
    "mae": 10.971964630392561,
    "mape": 128.41698198626327,
    "smape": 186.32389133134865,
    "weighted_rmse": 0.1348781368800588,
    "pearson": -0.008259050303405112,
    "r2": -0.001011851358273086,
    "directional_accuracy": 0.5275957773905914,
    "weighted_mape": 196.75398478629472,
    "y_mean_diff": 1.6796460804285303,
    "y_std_ratio": 4.6613595684274486e-05,
    "y_range_coverage": 5.985203551119095e-06
  },
  "valid": {
    "rmse": 43.97538378680854,
    "mae": 11.87619571474793,
    "mape": 120.84350876509488,
    "smape": 189.80824263306025,
    "weighted_rmse": 0.049986460573121526,
    "pearson": 0.0009292994165802173,
    "r2": -3.766202273447483e-05,
    "directional_accuracy": 0.5165765617345236,
    "weighted_mape": 162.44549107533948,
    "y_mean_diff": 1.6799560186028955,
    "y_std_ratio": 3.48175403652132e-05,
    "y_range_coverage": 4.5913678063001225e-06
  },
  "best_iteration": 493,
  "features_used": 90
}