{
  "horizon": 3,
  "model": "lgbm_bnn-shap10",
  "timestamp": "2026-04-19T14:31:20.331820",
  "train": {
    "rmse": 19.313475244367336,
    "mae": 3.773277444817381,
    "mape": 105.75822886576618,
    "smape": 193.6567957372659,
    "weighted_rmse": 0.06719772098902703,
    "pearson": 0.11898520230709923,
    "r2": 0.004922080103206827,
    "directional_accuracy": 0.5290859597501298,
    "weighted_mape": 104.9820592538535,
    "y_mean_diff": 0.1883942705727507,
    "y_std_ratio": 0.02337811391653312,
    "y_range_coverage": 0.009571667883194277
  },
  "valid": {
    "rmse": 17.41843562514843,
    "mae": 4.171364887562034,
    "mape": 109.28141154038573,
    "smape": 193.23721263733938,
    "weighted_rmse": 0.033590364505106884,
    "pearson": 0.0254466363853009,
    "r2": 0.0006286013142846603,
    "directional_accuracy": 0.5204402515723271,
    "weighted_mape": 111.00688646535943,
    "y_mean_diff": 0.16248677950126472,
    "y_std_ratio": 0.02192203870754252,
    "y_range_coverage": 0.008771028687793553
  },
  "best_iteration": 11,
  "features_used": 12
}