{
  "horizon": 1,
  "window": "Window 1",
  "model": "xgb",
  "timestamp": "2026-04-19T09:52:39.738216",
  "train": {
    "rmse": 14.676511960786637,
    "mae": 2.053775179182571,
    "mape": 202.40478024420491,
    "smape": 156.58763399940682,
    "weighted_rmse": 0.5161106742160272,
    "pearson": 0.029998988274472182,
    "r2": 0.000230730900844911,
    "directional_accuracy": 0.677295630593367,
    "weighted_mape": 285.7826712251876,
    "y_mean_diff": 0.16104720406864198,
    "y_std_ratio": 0.006571937357180932,
    "y_range_coverage": 0.0035603502823271147
  },
  "valid": {
    "rmse": 9.169611820335254,
    "mae": 1.4737952267952075,
    "mape": 5920.4034313899865,
    "smape": 166.52455769308784,
    "weighted_rmse": 0.0,
    "pearson": 0.01599009836640479,
    "r2": -7.782791851651538e-06,
    "directional_accuracy": 0.547516938347576,
    "weighted_mape": 3474.6501357593525,
    "y_mean_diff": 0.16424007587764772,
    "y_std_ratio": 0.004862975847071907,
    "y_range_coverage": 0.001147835337717672
  },
  "best_iteration": 500
}