{
  "horizon": 10,
  "window": "Window 4",
  "model": "lgbm",
  "timestamp": "2026-04-19T10:25:19.022040",
  "train": {
    "rmse": 31.113698270905477,
    "mae": 7.38216649419454,
    "mape": 185.25237161313683,
    "smape": 196.52898379051905,
    "weighted_rmse": 0.057507450545758385,
    "pearson": 0.14141195151152178,
    "r2": 0.0018538653160938834,
    "directional_accuracy": 0.5213571685279593,
    "weighted_mape": 101.75191021037999,
    "y_mean_diff": -0.4778770664273648,
    "y_std_ratio": 0.007591133216732519,
    "y_range_coverage": 0.005282533719876939
  },
  "valid": {
    "rmse": 29.79414759312921,
    "mae": 7.800871292214702,
    "mape": 103.19743732265569,
    "smape": 196.61694058058785,
    "weighted_rmse": 0.025947258317197016,
    "pearson": 0.0676814121158172,
    "r2": -0.0003686905457864764,
    "directional_accuracy": 0.5190325260793304,
    "weighted_mape": 101.80686396284881,
    "y_mean_diff": -0.4800997829223479,
    "y_std_ratio": 0.0075184837743089705,
    "y_range_coverage": 0.0052986045619406895
  },
  "best_iteration": 3
}