{
  "horizon": 10,
  "window": "Window 2",
  "model": "lgbm",
  "timestamp": "2026-04-19T10:20:29.885292",
  "train": {
    "rmse": 28.935219848167442,
    "mae": 5.438873151216622,
    "mape": 104.8852927439339,
    "smape": 194.8156905557888,
    "weighted_rmse": 0.04378146031231538,
    "pearson": 0.23752680755711847,
    "r2": 0.0015916853013765442,
    "directional_accuracy": 0.5296857873584216,
    "weighted_mape": 140.3803451317747,
    "y_mean_diff": 1.4433137327949017,
    "y_std_ratio": 0.00874053436497281,
    "y_range_coverage": 0.0029728935469666515
  },
  "valid": {
    "rmse": 40.41453803569083,
    "mae": 8.710917408091754,
    "mape": 107.4773085619268,
    "smape": 194.97721833723875,
    "weighted_rmse": 0.026801567550030953,
    "pearson": 0.016686143160006522,
    "r2": 0.00022500264610458842,
    "directional_accuracy": 0.5225868221777352,
    "weighted_mape": 159.434216758362,
    "y_mean_diff": 1.3977172192739835,
    "y_std_ratio": 0.013206604135053845,
    "y_range_coverage": 0.0024542017388506465
  },
  "best_iteration": 1
}