{
  "horizon": 10,
  "window": "Window 3",
  "model": "xgb",
  "timestamp": "2026-04-19T10:24:26.336330",
  "train": {
    "rmse": 35.80361935632337,
    "mae": 7.863751035708663,
    "mape": 177.90226295789793,
    "smape": 159.42352239436812,
    "weighted_rmse": 0.34597969450247895,
    "pearson": 0.11771219531782683,
    "r2": 0.0059009068536696185,
    "directional_accuracy": 0.5937753531962512,
    "weighted_mape": 206.74950752128024,
    "y_mean_diff": -0.26849672644533606,
    "y_std_ratio": 0.028833916217972582,
    "y_range_coverage": 0.016402200895869516
  },
  "valid": {
    "rmse": 31.105036397100285,
    "mae": 7.687355299452294,
    "mape": 2153.201721736001,
    "smape": 167.45449640238573,
    "weighted_rmse": 0.0,
    "pearson": 0.04343942726360167,
    "r2": 0.0017143558072038045,
    "directional_accuracy": 0.5138024618192252,
    "weighted_mape": 13228.076308269203,
    "y_mean_diff": -0.3342261508027503,
    "y_std_ratio": 0.026604197504785515,
    "y_range_coverage": 0.01084863133388121
  },
  "best_iteration": 500
}