{
  "horizon": 3,
  "window": "Window 3",
  "model": "cat",
  "timestamp": "2026-04-19T10:12:57.048397",
  "train": {
    "rmse": 20.49152813431617,
    "mae": 4.411000361895703,
    "mape": 120.64967991570828,
    "smape": 186.18479615276436,
    "weighted_rmse": 0.13274904566811138,
    "pearson": 0.009885815022937979,
    "r2": 5.020392018995068e-06,
    "directional_accuracy": 0.5480515853532192,
    "weighted_mape": 147.98273969908317,
    "y_mean_diff": -0.03315148949728644,
    "y_std_ratio": 0.0003941536128386689,
    "y_range_coverage": 7.330848817538524e-05
  },
  "valid": {
    "rmse": 17.06267994321785,
    "mae": 4.000944359399582,
    "mape": 128.75299260664048,
    "smape": 187.89256064938624,
    "weighted_rmse": 0.0,
    "pearson": 0.010639245866433342,
    "r2": 1.0970257109499393e-05,
    "directional_accuracy": 0.5241982216910234,
    "weighted_mape": 249.78251121151743,
    "y_mean_diff": -0.03469395997902758,
    "y_std_ratio": 0.0004473188472274246,
    "y_range_coverage": 6.156349750261279e-05
  },
  "best_iteration": 445
}