{
  "horizon": 1,
  "model": "lgbm_baseline",
  "timestamp": "2026-04-19T14:31:01.925201",
  "train": {
    "rmse": 11.689566875263841,
    "mae": 2.132208149008249,
    "mape": 109.19851304848713,
    "smape": 193.29807356017588,
    "weighted_rmse": 0.07889824445263087,
    "pearson": 0.09516300565897325,
    "r2": 0.0017282558120533809,
    "directional_accuracy": 0.5521691879068786,
    "weighted_mape": 124.02593296828695,
    "y_mean_diff": 0.06509751017399208,
    "y_std_ratio": 0.00974179472148141,
    "y_range_coverage": 0.002332959589113723
  },
  "valid": {
    "rmse": 10.31111117436163,
    "mae": 2.362113088300438,
    "mape": 111.02657757314753,
    "smape": 193.39526629215618,
    "weighted_rmse": 0.015764303661209147,
    "pearson": 0.05268652276073398,
    "r2": 0.000956620752192161,
    "directional_accuracy": 0.5443090580362115,
    "weighted_mape": 122.40592528040666,
    "y_mean_diff": 0.06341989404131662,
    "y_std_ratio": 0.008847371860535741,
    "y_range_coverage": 0.0022192431938778904
  },
  "best_iteration": 12,
  "features_used": 10
}