{
  "horizon": 10,
  "model": "lgbm_bnn-aggregated",
  "timestamp": "2026-04-19T14:31:42.488563",
  "train": {
    "rmse": 33.51874631613499,
    "mae": 6.823756668980366,
    "mape": 263.98448886510846,
    "smape": 183.9901820098328,
    "weighted_rmse": 0.12171263898883881,
    "pearson": 0.1896568171868117,
    "r2": 0.01901547835325168,
    "directional_accuracy": 0.5370074804328406,
    "weighted_mape": 144.61364124966673,
    "y_mean_diff": 0.39170961170670643,
    "y_std_ratio": 0.05996388124937414,
    "y_range_coverage": 0.02275623432715875
  },
  "valid": {
    "rmse": 30.650583328598177,
    "mae": 7.7304515957690985,
    "mape": 636.3656694322316,
    "smape": 184.87089370708298,
    "weighted_rmse": 0.07214818543307676,
    "pearson": 0.07440829281498439,
    "r2": 0.005380590423529785,
    "directional_accuracy": 0.529233383438991,
    "weighted_mape": 142.1258553107394,
    "y_mean_diff": 0.2935059538873785,
    "y_std_ratio": 0.06183573043414831,
    "y_range_coverage": 0.02007143199330449
  },
  "best_iteration": 24,
  "features_used": 12
}