{
  "horizon": 3,
  "model": "lgbm_shap_20",
  "timestamp": "2026-04-19T21:19:15.659358",
  "train": {
    "rmse": 19.30464328961802,
    "mae": 3.7689162799054405,
    "mape": 108.82422122735976,
    "smape": 191.94049398621763,
    "weighted_rmse": 0.09738526764951241,
    "pearson": 0.1310968633346933,
    "r2": 0.005831960234556011,
    "directional_accuracy": 0.5730049224343675,
    "weighted_mape": 105.63718563736035,
    "y_mean_diff": 0.1650286440885666,
    "y_std_ratio": 0.024881167147815766,
    "y_range_coverage": 0.014643998386536261
  },
  "valid": {
    "rmse": 17.416404441363007,
    "mae": 4.17303780788486,
    "mape": 110.08076850275319,
    "smape": 192.60090149325916,
    "weighted_rmse": 0.03475052930589141,
    "pearson": 0.032966115888956794,
    "r2": 0.0008616634180710347,
    "directional_accuracy": 0.5750798579708725,
    "weighted_mape": 108.0099022947065,
    "y_mean_diff": 0.18003354175378466,
    "y_std_ratio": 0.016477217205246097,
    "y_range_coverage": 0.008100863589443688
  },
  "best_iteration": 13,
  "features_used": 246
}