{
  "horizon": 10,
  "model": "lgbm_all_plus_shap",
  "timestamp": "2026-04-19T13:50:11.578763",
  "train": {
    "rmse": 33.49344600751358,
    "mae": 6.808695391603558,
    "mape": 288.5015978238459,
    "smape": 184.14234354274566,
    "weighted_rmse": 0.15158283832089986,
    "pearson": 0.2763045250577255,
    "r2": 0.020495834689572723,
    "directional_accuracy": 0.5779593904112637,
    "weighted_mape": 141.79047091823634,
    "y_mean_diff": 0.5803410886833337,
    "y_std_ratio": 0.0406049617200028,
    "y_range_coverage": 0.010589682691099098
  },
  "valid": {
    "rmse": 30.674323651535367,
    "mae": 7.728389453569993,
    "mape": 623.637976181578,
    "smape": 186.16136900195275,
    "weighted_rmse": 0.10065867613483946,
    "pearson": 0.06788333363478953,
    "r2": 0.0038392344068651774,
    "directional_accuracy": 0.5832452431289641,
    "weighted_mape": 133.9960703613506,
    "y_mean_diff": 0.5489943698360662,
    "y_std_ratio": 0.036564975251877484,
    "y_range_coverage": 0.0075458401271990055
  },
  "best_iteration": 10,
  "features_used": 172
}