{
  "horizon": 25,
  "model": "lgbm_shap_10",
  "timestamp": "2026-04-20T11:32:37.034696",
  "train": {
    "rmse": 52.78922061976729,
    "mae": 10.92137149067157,
    "mape": 121.73897726853778,
    "smape": 184.55293934223315,
    "weighted_rmse": 0.18133443433374016,
    "pearson": 0.12485272868438561,
    "r2": 0.001288335662091744,
    "directional_accuracy": 0.5297214708654528,
    "weighted_mape": 181.4815464639909,
    "y_mean_diff": 1.5607157997919785,
    "y_std_ratio": 0.008978217659553913,
    "y_range_coverage": 0.0013791833449810467
  },
  "valid": {
    "rmse": 43.9572473199763,
    "mae": 11.856948206728488,
    "mape": 116.4246525106079,
    "smape": 187.46079767066738,
    "weighted_rmse": 0.07341954729574304,
    "pearson": 0.04074002289048943,
    "r2": 0.0007870452674096917,
    "directional_accuracy": 0.5190907565844657,
    "weighted_mape": 131.98949609043146,
    "y_mean_diff": 1.5748909438710004,
    "y_std_ratio": 0.009521905292080194,
    "y_range_coverage": 0.0012115683252499666
  },
  "best_iteration": 13,
  "features_used": 90
}