{
  "horizon": 10,
  "window": "Window 1",
  "model": "lgbm",
  "timestamp": "2026-04-19T10:16:52.329627",
  "train": {
    "rmse": 38.38177875099101,
    "mae": 6.3372853336487935,
    "mape": 159.58489981458007,
    "smape": 175.92865805271063,
    "weighted_rmse": 0.1786071064174142,
    "pearson": 0.2841582318800919,
    "r2": 0.025447322195628508,
    "directional_accuracy": 0.5288171642200125,
    "weighted_mape": 173.0965277094327,
    "y_mean_diff": 1.2862147231130745,
    "y_std_ratio": 0.05134035574435073,
    "y_range_coverage": 0.009329571240430606
  },
  "valid": {
    "rmse": 22.314802645701157,
    "mae": 4.252132193392033,
    "mape": 142.53292501761615,
    "smape": 177.61099518538452,
    "weighted_rmse": 0.05774848244248116,
    "pearson": 0.17032014162329343,
    "r2": 0.008867602791488904,
    "directional_accuracy": 0.5172948073701843,
    "weighted_mape": 309.7091277491487,
    "y_mean_diff": 1.4964528845692064,
    "y_std_ratio": 0.019964984044293033,
    "y_range_coverage": 0.006776182735723492
  },
  "best_iteration": 13
}