{
  "horizon": 3,
  "window": "Window 1",
  "model": "lgbm",
  "timestamp": "2026-04-19T10:02:52.268497",
  "train": {
    "rmse": 22.705021594496536,
    "mae": 3.5991184200848427,
    "mape": 123.36935738776391,
    "smape": 185.07148884452874,
    "weighted_rmse": 0.14761188951095586,
    "pearson": 0.1961951185041414,
    "r2": 0.006011858939559245,
    "directional_accuracy": 0.5341688428965417,
    "weighted_mape": 70.48381586339954,
    "y_mean_diff": 0.5148729635924633,
    "y_std_ratio": 0.017394871504349638,
    "y_range_coverage": 0.004861199825557301
  },
  "valid": {
    "rmse": 15.138033364091216,
    "mae": 2.509048408539523,
    "mape": 113.37826303413925,
    "smape": 186.30970912791747,
    "weighted_rmse": 0.04651435034330261,
    "pearson": 0.07490791762812364,
    "r2": 0.0013347726892041223,
    "directional_accuracy": 0.5279325693057162,
    "weighted_mape": 154.4023512159426,
    "y_mean_diff": 0.541935492380563,
    "y_std_ratio": 0.009219283350270857,
    "y_range_coverage": 0.004575598525585399
  },
  "best_iteration": 14
}