{
  "horizon": 25,
  "window": "Window 2",
  "model": "cat",
  "timestamp": "2026-04-19T12:43:31.944884",
  "train": {
    "rmse": 47.83723675508876,
    "mae": 9.095147557571655,
    "mape": 108.18490172754191,
    "smape": 193.01837253330564,
    "weighted_rmse": 0.08534049270202265,
    "pearson": -0.01733797567447842,
    "r2": -0.005883255067640647,
    "directional_accuracy": 0.5210060117770977,
    "weighted_mape": 167.0782916449368,
    "y_mean_diff": 3.6584030177667306,
    "y_std_ratio": 7.489819813063653e-06,
    "y_range_coverage": 1.567061212215419e-06
  },
  "valid": {
    "rmse": 66.54047575732996,
    "mae": 14.34933805089307,
    "mape": 109.0824841001039,
    "smape": 193.56744983326047,
    "weighted_rmse": 0.03793473471602562,
    "pearson": 0.0045938030167096905,
    "r2": -9.620173489377493e-06,
    "directional_accuracy": 0.5017908179877718,
    "weighted_mape": 180.4033915099878,
    "y_mean_diff": 3.6584211080680373,
    "y_std_ratio": 6.930424831958322e-06,
    "y_range_coverage": 1.3267251441202745e-06
  },
  "best_iteration": 87
}