{
  "horizon": 3,
  "model": "xgb_shap_10",
  "timestamp": "2026-04-19T15:04:00.718605",
  "train": {
    "rmse": 19.315721594550283,
    "mae": 3.756745290810678,
    "mape": 136.15372298978988,
    "smape": 179.36838125373848,
    "weighted_rmse": 0.0,
    "pearson": 0.11701758216900593,
    "r2": 0.004690591628698226,
    "directional_accuracy": 0.5518063193207925,
    "weighted_mape": 140.03652452481197,
    "y_mean_diff": 0.1673754854242192,
    "y_std_ratio": 0.022530606372417047,
    "y_range_coverage": 0.016437956787799694
  },
  "valid": {
    "rmse": 17.426617400329203,
    "mae": 4.173207123594953,
    "mape": 393.40085397396473,
    "smape": 180.11551271208353,
    "weighted_rmse": 0.0,
    "pearson": 0.01803025996158479,
    "r2": -0.00031046722700711626,
    "directional_accuracy": 0.5087753932127848,
    "weighted_mape": 7337.7066415619165,
    "y_mean_diff": 0.05607384723824127,
    "y_std_ratio": 0.03692582348945858,
    "y_range_coverage": 0.006156513601482111
  },
  "features_used": 90
}