{
  "horizon": 10,
  "window": "Window 3",
  "model": "cat",
  "timestamp": "2026-04-19T10:25:15.744996",
  "train": {
    "rmse": 35.90970185192735,
    "mae": 7.945095264258101,
    "mape": 123.28334713565793,
    "smape": 187.14997668808203,
    "weighted_rmse": 0.08922895621343889,
    "pearson": 0.005173086604587722,
    "r2": 1.350157611157421e-06,
    "directional_accuracy": 0.5359933790273698,
    "weighted_mape": 159.4412524113534,
    "y_mean_diff": -0.06132603578845763,
    "y_std_ratio": 0.00043028752516521704,
    "y_range_coverage": 6.265622109611328e-05
  },
  "valid": {
    "rmse": 31.132030092241337,
    "mae": 7.670619392649075,
    "mape": 168.98181668374144,
    "smape": 188.49015302129672,
    "weighted_rmse": 0.0,
    "pearson": 0.012061619283712206,
    "r2": -1.9068375696873474e-05,
    "directional_accuracy": 0.5284727219705843,
    "weighted_mape": 199.21130499021774,
    "y_mean_diff": -0.0630201234259968,
    "y_std_ratio": 0.0004294938859535983,
    "y_range_coverage": 5.6987321059958664e-05
  },
  "best_iteration": 109
}