{
  "horizon": 1,
  "window": "Window 4",
  "model": "cat",
  "timestamp": "2026-04-19T10:02:47.793162",
  "train": {
    "rmse": 10.450307327913187,
    "mae": 2.304974675935296,
    "mape": 104.26425884154284,
    "smape": 196.5938797009045,
    "weighted_rmse": 0.034947161981973465,
    "pearson": -0.0024622952280409665,
    "r2": -2.7103916085513546e-05,
    "directional_accuracy": 0.5030199506536714,
    "weighted_mape": 117.74889520224671,
    "y_mean_diff": -0.054363587843182466,
    "y_std_ratio": 8.37109586569205e-06,
    "y_range_coverage": 1.0527526095022658e-06
  },
  "valid": {
    "rmse": 10.017318839205354,
    "mae": 2.3852481259044453,
    "mape": 106.2080382432067,
    "smape": 196.68067244623649,
    "weighted_rmse": 0.016164786134547134,
    "pearson": 0.004178970075108216,
    "r2": -0.00018432438153936914,
    "directional_accuracy": 0.49019005826057005,
    "weighted_mape": 116.1789314811162,
    "y_mean_diff": -0.05438259380875514,
    "y_std_ratio": 8.745772035276293e-06,
    "y_range_coverage": 9.221835734318695e-07
  },
  "best_iteration": 96
}