{
  "horizon": 25,
  "model": "xgb_shap_10",
  "timestamp": "2026-04-19T16:29:28.777558",
  "train": {
    "rmse": 52.16956827717348,
    "mae": 10.493023566689082,
    "mape": 207.0194182343994,
    "smape": 120.65446114714848,
    "weighted_rmse": 0.6726226979175945,
    "pearson": 0.21771834879969612,
    "r2": 0.024596953891464546,
    "directional_accuracy": 0.6527563800348468,
    "weighted_mape": 272.7234431052631,
    "y_mean_diff": 0.8105925288855698,
    "y_std_ratio": 0.06748903515862346,
    "y_range_coverage": 0.015772644619019147
  },
  "valid": {
    "rmse": 44.14736328225262,
    "mae": 11.90463680781038,
    "mape": 755.7020807838879,
    "smape": 160.79382572912553,
    "weighted_rmse": 0.0,
    "pearson": -0.007776414970022861,
    "r2": -0.007874877308894801,
    "directional_accuracy": 0.5110748860862666,
    "weighted_mape": 3165.392354499475,
    "y_mean_diff": 0.7102041211783554,
    "y_std_ratio": 0.0664922027659843,
    "y_range_coverage": 0.01067938213480069
  },
  "features_used": 90
}