{
  "horizon": 10,
  "model": "baseline_lgbm_raw",
  "validation_type": "time_validation",
  "timestamp": "2026-04-20T11:31:37.394287",
  "train": {
    "rmse": 33.49910895667874,
    "mae": 6.801668658912725,
    "mape": 390.80009813285284,
    "smape": 181.325768159417,
    "weighted_rmse": 0.1606555890011663,
    "pearson": 0.21123992096882435,
    "r2": 0.020164584735940627,
    "directional_accuracy": 0.5581688486549976,
    "weighted_mape": 142.9599120868628,
    "y_mean_diff": 0.3881789666913523,
    "y_std_ratio": 0.05527149028652591,
    "y_range_coverage": 0.01893241148672166
  },
  "valid": {
    "rmse": 30.669747707829693,
    "mae": 7.724256381970163,
    "mape": 1688.627566627874,
    "smape": 182.88148383579784,
    "weighted_rmse": 0.08953271597208282,
    "pearson": 0.06682157517270808,
    "r2": 0.004136423393429567,
    "directional_accuracy": 0.5550986027152909,
    "weighted_mape": 134.67627661786116,
    "y_mean_diff": -0.2963127748904122,
    "y_std_ratio": 0.051467653093255857,
    "y_range_coverage": 0.02009243750011189
  },
  "training_time_seconds": 0,
  "features_used": 86,
  "best_iteration": 26
}