{
  "horizon": 3,
  "model": "lgbm_baseline",
  "timestamp": "2026-04-19T14:31:16.225272",
  "train": {
    "rmse": 19.303834755543363,
    "mae": 3.771464086051141,
    "mape": 106.54688135936735,
    "smape": 193.1500572954024,
    "weighted_rmse": 0.06550570598929534,
    "pearson": 0.12439871360980795,
    "r2": 0.005915235733709556,
    "directional_accuracy": 0.5280828150884289,
    "weighted_mape": 103.44728911551952,
    "y_mean_diff": 0.17569228981117876,
    "y_std_ratio": 0.027046474917560362,
    "y_range_coverage": 0.011808133213824793
  },
  "valid": {
    "rmse": 17.41573552662993,
    "mae": 4.170765272714593,
    "mape": 107.26260219727206,
    "smape": 192.90469047405801,
    "weighted_rmse": 0.027442369728226244,
    "pearson": 0.03124730102625448,
    "r2": 0.0009384100877388724,
    "directional_accuracy": 0.5174949855137062,
    "weighted_mape": 110.44183652999166,
    "y_mean_diff": 0.16345829031225018,
    "y_std_ratio": 0.024025988466926124,
    "y_range_coverage": 0.012598936715906877
  },
  "best_iteration": 12,
  "features_used": 10
}