{
  "horizon": 3,
  "window": "Window 1",
  "model": "cat",
  "timestamp": "2026-04-19T10:06:17.235133",
  "train": {
    "rmse": 22.780394316586225,
    "mae": 3.612869198730744,
    "mape": 147.696841106031,
    "smape": 176.91643754686294,
    "weighted_rmse": 0.17539843375428074,
    "pearson": 0.02676609498958387,
    "r2": -0.0005984801003067197,
    "directional_accuracy": 0.5486902991241117,
    "weighted_mape": 27.724643896939703,
    "y_mean_diff": 0.5742404074914577,
    "y_std_ratio": 0.000706594058845592,
    "y_range_coverage": 4.8223988992868776e-05
  },
  "valid": {
    "rmse": 15.152684770510977,
    "mae": 2.5138607072577033,
    "mape": 137.20973762695664,
    "smape": 178.47332880924893,
    "weighted_rmse": 0.0,
    "pearson": 0.028315841077540833,
    "r2": -0.0005992871081279549,
    "directional_accuracy": 0.5180259514286017,
    "weighted_mape": 227.7424979460327,
    "y_mean_diff": 0.5749087550733846,
    "y_std_ratio": 0.0006831522827881368,
    "y_range_coverage": 4.1229895892754006e-05
  },
  "best_iteration": 499
}