{
  "horizon": 3,
  "window": "Window 3",
  "model": "lgbm",
  "timestamp": "2026-04-19T10:08:42.392094",
  "train": {
    "rmse": 20.490804149534753,
    "mae": 4.411222584912644,
    "mape": 100.80220253626086,
    "smape": 198.64967651510702,
    "weighted_rmse": 0.026541832715827197,
    "pearson": 0.04438133831981944,
    "r2": 7.568065244645261e-05,
    "directional_accuracy": 0.5402517183399815,
    "weighted_mape": 105.83318199745348,
    "y_mean_diff": -0.030691292772508618,
    "y_std_ratio": 0.0008867492397787454,
    "y_range_coverage": 0.0006391380727833227
  },
  "valid": {
    "rmse": 17.06210395290533,
    "mae": 4.001285310690059,
    "mape": 100.49762884533915,
    "smape": 198.8908715718801,
    "weighted_rmse": 0.002188808927625909,
    "pearson": 0.034360609759083394,
    "r2": 7.848301288304604e-05,
    "directional_accuracy": 0.5424754364883014,
    "weighted_mape": 104.03321394958745,
    "y_mean_diff": -0.03092915895289426,
    "y_std_ratio": 0.0009723703221641582,
    "y_range_coverage": 0.0006391380727833227
  },
  "best_iteration": 1
}