{
  "horizon": 10,
  "model": "lgbm_shap_10",
  "timestamp": "2026-04-20T11:32:31.017851",
  "train": {
    "rmse": 33.264569940549194,
    "mae": 6.737319367348722,
    "mape": 538.2547481725212,
    "smape": 176.37415911886873,
    "weighted_rmse": 0.2070470825152982,
    "pearson": 0.2311471840921567,
    "r2": 0.03383689737076212,
    "directional_accuracy": 0.5479428254175595,
    "weighted_mape": 132.67998093104737,
    "y_mean_diff": 0.13378236138489719,
    "y_std_ratio": 0.09123115202634782,
    "y_range_coverage": 0.026367367108375204
  },
  "valid": {
    "rmse": 30.652350548095022,
    "mae": 7.714112717785442,
    "mape": 2442.6287502111895,
    "smape": 177.11686523856022,
    "weighted_rmse": 0.08738375347444055,
    "pearson": 0.07387674098439827,
    "r2": 0.005265893651475895,
    "directional_accuracy": 0.5381729939418797,
    "weighted_mape": 129.19964721529809,
    "y_mean_diff": 0.20008734145365603,
    "y_std_ratio": 0.06802158811785734,
    "y_range_coverage": 0.015212600335159978
  },
  "best_iteration": 66,
  "features_used": 90
}