{
  "horizon": 25,
  "window": "Window 1",
  "model": "xgb",
  "timestamp": "2026-04-19T10:38:04.129099",
  "train": {
    "rmse": 59.23094083286155,
    "mae": 9.453977582865269,
    "mape": 249.7711372982101,
    "smape": 95.9261261676864,
    "weighted_rmse": 0.7685456886764934,
    "pearson": 0.28670151671547583,
    "r2": 0.023598134511979896,
    "directional_accuracy": 0.7072953979396552,
    "weighted_mape": 231.45433349945642,
    "y_mean_diff": 2.302261932292781,
    "y_std_ratio": 0.047694281483513144,
    "y_range_coverage": 0.013005640456998117
  },
  "valid": {
    "rmse": 34.38012134239785,
    "mae": 6.8101727380385775,
    "mape": 591.0132257746213,
    "smape": 156.36115740926317,
    "weighted_rmse": 0.0,
    "pearson": 0.3545390668478216,
    "r2": 0.03735158078176004,
    "directional_accuracy": 0.5050240648484337,
    "weighted_mape": 3521.8917346999688,
    "y_mean_diff": 2.4593450860174513,
    "y_std_ratio": 0.03745575983471234,
    "y_range_coverage": 0.00683070489924407
  },
  "best_iteration": 500
}