{
  "horizon": 3,
  "window": "Window 4",
  "model": "xgb",
  "timestamp": "2026-04-19T10:14:01.491626",
  "train": {
    "rmse": 17.69924796139118,
    "mae": 3.9878099535035276,
    "mape": 156.30307210981675,
    "smape": 169.952089680363,
    "weighted_rmse": 0.0,
    "pearson": 0.16354488522054988,
    "r2": 0.008452409291153429,
    "directional_accuracy": 0.5872438816763547,
    "weighted_mape": 238.06964262452362,
    "y_mean_diff": -0.1544565042014727,
    "y_std_ratio": 0.028567079762755035,
    "y_range_coverage": 0.034892505600592094
  },
  "valid": {
    "rmse": 16.89525715742308,
    "mae": 4.189258154214715,
    "mape": 805.5200307771994,
    "smape": 173.80476287989072,
    "weighted_rmse": 0.0,
    "pearson": 0.011398083931694149,
    "r2": -0.00025081451959696466,
    "directional_accuracy": 0.5083544112650534,
    "weighted_mape": 11275.085692202678,
    "y_mean_diff": -0.19193540681149154,
    "y_std_ratio": 0.019614645977667388,
    "y_range_coverage": 0.009338732812941376
  },
  "best_iteration": 500
}