{
  "horizon": 10,
  "window": "Window 4",
  "model": "xgb",
  "timestamp": "2026-04-19T10:26:17.420455",
  "train": {
    "rmse": 31.075034633223645,
    "mae": 7.323115676459964,
    "mape": 230.50778693830384,
    "smape": 162.51502633715867,
    "weighted_rmse": 0.32385882890463585,
    "pearson": 0.10820067664133114,
    "r2": 0.004333029438269742,
    "directional_accuracy": 0.5859693178971165,
    "weighted_mape": 205.76436955217113,
    "y_mean_diff": -0.5122602328647126,
    "y_std_ratio": 0.02391668388249315,
    "y_range_coverage": 0.015192946834740699
  },
  "valid": {
    "rmse": 29.801855980665543,
    "mae": 7.830744981128976,
    "mape": 4136.551790284182,
    "smape": 168.63213053209049,
    "weighted_rmse": 0.0,
    "pearson": 0.015167390325467527,
    "r2": -0.000886391349435689,
    "directional_accuracy": 0.5091522006237988,
    "weighted_mape": 83968.97224724446,
    "y_mean_diff": -0.5901764750469674,
    "y_std_ratio": 0.016758598030200144,
    "y_range_coverage": 0.008446329400546225
  },
  "best_iteration": 500
}