{
  "horizon": 3,
  "model": "baseline_lgbm_raw",
  "validation_type": "time_validation",
  "timestamp": "2026-04-20T11:31:32.001356",
  "train": {
    "rmse": 19.254626526118493,
    "mae": 3.7576309568675046,
    "mape": 116.0022869434836,
    "smape": 187.96945551901817,
    "weighted_rmse": 0.12409158777570353,
    "pearson": 0.149891456754747,
    "r2": 0.010976903880699829,
    "directional_accuracy": 0.5732173485086689,
    "weighted_mape": 96.06014774090399,
    "y_mean_diff": 0.10154732987940396,
    "y_std_ratio": 0.042825887939990356,
    "y_range_coverage": 0.025248931556359593
  },
  "valid": {
    "rmse": 17.406494765053043,
    "mae": 4.168944258719689,
    "mape": 119.84269136183816,
    "smape": 188.1960848211449,
    "weighted_rmse": 0.032980955998057226,
    "pearson": 0.04578105133453621,
    "r2": 0.001998329799170584,
    "directional_accuracy": 0.577227796614059,
    "weighted_mape": 113.0111704189235,
    "y_mean_diff": -0.14036337542264432,
    "y_std_ratio": 0.040064486247995676,
    "y_range_coverage": 0.02145324038412561
  },
  "training_time_seconds": 0,
  "features_used": 86,
  "best_iteration": 29
}