{
  "horizon": 1,
  "window": "Window 2",
  "model": "cat",
  "timestamp": "2026-04-19T09:57:38.018813",
  "train": {
    "rmse": 9.549697207190317,
    "mae": 1.6533348022646606,
    "mape": 104.30271156258584,
    "smape": 196.7567248404515,
    "weighted_rmse": 0.016714633054937634,
    "pearson": -0.0036964573683182698,
    "r2": -0.0002844507052086609,
    "directional_accuracy": 0.5256422129270916,
    "weighted_mape": 136.38336415167095,
    "y_mean_diff": 0.16102996277224407,
    "y_std_ratio": 4.366226505621563e-06,
    "y_range_coverage": 2.4565707317613697e-07
  },
  "valid": {
    "rmse": 13.432572420859612,
    "mae": 2.645280148294428,
    "mape": 103.15821707684538,
    "smape": 197.16055763037076,
    "weighted_rmse": 0.00851802558270675,
    "pearson": 0.0006070394523893142,
    "r2": -2.654020743175778e-07,
    "directional_accuracy": 0.5232345341513367,
    "weighted_mape": 132.08036276354795,
    "y_mean_diff": 0.1610355643222841,
    "y_std_ratio": 3.709322990855022e-06,
    "y_range_coverage": 2.0803926078519975e-07
  },
  "best_iteration": 10
}