{
  "horizon": 1,
  "model": "xgb_shap_10",
  "timestamp": "2026-04-19T14:59:57.963332",
  "train": {
    "rmse": 11.699178109980272,
    "mae": 2.132531609009521,
    "mape": 191.19916657740973,
    "smape": 177.19643649490422,
    "weighted_rmse": 0.3287101619258663,
    "pearson": 0.02534068026356735,
    "r2": 8.601046174583349e-05,
    "directional_accuracy": 0.5919927318775576,
    "weighted_mape": 191.3476905375745,
    "y_mean_diff": 0.07186259846657365,
    "y_std_ratio": 0.0025720146281593592,
    "y_range_coverage": 0.001977620256874057
  },
  "valid": {
    "rmse": 10.315753528265397,
    "mae": 2.363429881607223,
    "mape": 229.16757820948504,
    "smape": 180.04228744970936,
    "weighted_rmse": 0.0,
    "pearson": 0.010753366029176353,
    "r2": 5.682306539911419e-05,
    "directional_accuracy": 0.5333069694744177,
    "weighted_mape": 348.5025366253187,
    "y_mean_diff": 0.07003987166553587,
    "y_std_ratio": 0.002752630537396765,
    "y_range_coverage": 0.0009627395362562292
  },
  "features_used": 90
}