{
  "horizon": 3,
  "window": "Window 4",
  "model": "lgbm",
  "timestamp": "2026-04-19T10:13:00.393456",
  "train": {
    "rmse": 17.774566699375047,
    "mae": 4.057699600840581,
    "mape": 100.8516000289148,
    "smape": 198.3635729466394,
    "weighted_rmse": 0.045709930006113404,
    "pearson": 0.03781692081786703,
    "r2": -4.562139959807254e-06,
    "directional_accuracy": 0.5198476797473998,
    "weighted_mape": 107.70043522373372,
    "y_mean_diff": -0.15745870993223865,
    "y_std_ratio": 0.0009902245532240114,
    "y_range_coverage": 0.001440180900749937
  },
  "valid": {
    "rmse": 16.896336924779302,
    "mae": 4.178537190199546,
    "mape": 100.80570955190066,
    "smape": 198.54009170679606,
    "weighted_rmse": 0.014506220466767259,
    "pearson": -0.003980944125637852,
    "r2": -0.00037866965430555233,
    "directional_accuracy": 0.5179833350912351,
    "weighted_mape": 110.81770589095782,
    "y_mean_diff": -0.15799901179526998,
    "y_std_ratio": 0.001069961093594224,
    "y_range_coverage": 0.001000873111063699
  },
  "best_iteration": 2
}