{
  "horizon": 25,
  "window": "Window 2",
  "model": "lgbm",
  "timestamp": "2026-04-19T12:16:35.787871",
  "train": {
    "rmse": 47.829247783829835,
    "mae": 9.070826705413463,
    "mape": 112.66657799637565,
    "smape": 186.24181166689823,
    "weighted_rmse": 0.18443839534122797,
    "pearson": 0.04558757009203932,
    "r2": -0.0055473116920155,
    "directional_accuracy": 0.5281455495877918,
    "weighted_mape": 215.29637169513882,
    "y_mean_diff": 3.6344294236723202,
    "y_std_ratio": 0.002933225569322744,
    "y_range_coverage": 0.0012750637245405295
  },
  "valid": {
    "rmse": 66.54063618109778,
    "mae": 14.34598089747979,
    "mape": 138.75156566693397,
    "smape": 188.68886330452256,
    "weighted_rmse": 0.043194529839672036,
    "pearson": -0.0023570376143980587,
    "r2": -1.4442065809472382e-05,
    "directional_accuracy": 0.5093397236705817,
    "weighted_mape": 159.21438950976724,
    "y_mean_diff": 3.6446514491426876,
    "y_std_ratio": 0.0014582327977778241,
    "y_range_coverage": 0.0005648404162025971
  },
  "best_iteration": 9
}