{
  "horizon": 10,
  "window": "Window 2",
  "model": "xgb",
  "timestamp": "2026-04-19T10:21:29.552279",
  "train": {
    "rmse": 28.280986044252174,
    "mae": 5.238976463130524,
    "mape": 193.9784969934055,
    "smape": 157.10659627924736,
    "weighted_rmse": 0.3394860776361482,
    "pearson": 0.23681717883576012,
    "r2": 0.04622988306558362,
    "directional_accuracy": 0.5984163471084554,
    "weighted_mape": 232.07977422527688,
    "y_mean_diff": 0.5987937522022864,
    "y_std_ratio": 0.139735143963027,
    "y_range_coverage": 0.036264425025284104
  },
  "valid": {
    "rmse": 40.882240506506676,
    "mae": 8.782814383669317,
    "mape": 2261.4459574420675,
    "smape": 155.6962234775332,
    "weighted_rmse": 0.0,
    "pearson": -0.011283235924966429,
    "r2": -0.023048944014819606,
    "directional_accuracy": 0.5073629169022046,
    "weighted_mape": 17870.614647022532,
    "y_mean_diff": -0.23687654017518556,
    "y_std_ratio": 0.18952623134290444,
    "y_range_coverage": 0.01835641544497068
  },
  "best_iteration": 500
}