{
  "horizon": 25,
  "window": "Window 3",
  "model": "cat",
  "timestamp": "2026-04-19T13:09:31.783310",
  "train": {
    "rmse": 56.66872590600921,
    "mae": 12.652695398384049,
    "mape": 121.96546303965565,
    "smape": 193.23327851127712,
    "weighted_rmse": 0.08512596864540635,
    "pearson": 0.0029332358372923485,
    "r2": -1.6768605377581736e-06,
    "directional_accuracy": 0.5177879760185102,
    "weighted_mape": 142.13943783266342,
    "y_mean_diff": -0.07444793256868953,
    "y_std_ratio": 8.373590984266186e-06,
    "y_range_coverage": 2.1692226214953768e-06
  },
  "valid": {
    "rmse": 45.59193577444106,
    "mae": 12.022383486462367,
    "mape": 104.96920568152018,
    "smape": 196.17977281505964,
    "weighted_rmse": 0.020477912528029708,
    "pearson": -0.0019681794709465244,
    "r2": -9.067026386233579e-05,
    "directional_accuracy": 0.5044726236115207,
    "weighted_mape": 125.56181683594157,
    "y_mean_diff": -0.07445657497579536,
    "y_std_ratio": 5.522432284623465e-06,
    "y_range_coverage": 1.5325412254783209e-06
  },
  "best_iteration": 86
}