{
  "horizon": 3,
  "model": "lgbm_bnn-aggregated",
  "timestamp": "2026-04-19T14:31:25.271703",
  "train": {
    "rmse": 19.303152347154327,
    "mae": 3.7709730678363824,
    "mape": 107.2178417526379,
    "smape": 193.03662801724943,
    "weighted_rmse": 0.06977403531867184,
    "pearson": 0.12384705924517933,
    "r2": 0.005985518120665834,
    "directional_accuracy": 0.5289919909215895,
    "weighted_mape": 103.26659880308888,
    "y_mean_diff": 0.17488894383501846,
    "y_std_ratio": 0.02756112334698326,
    "y_range_coverage": 0.013653071230994965
  },
  "valid": {
    "rmse": 17.415477943428364,
    "mae": 4.170229722982106,
    "mape": 110.18885692851619,
    "smape": 192.5590380449251,
    "weighted_rmse": 0.029723523574950166,
    "pearson": 0.03170848086487309,
    "r2": 0.000967962624228158,
    "directional_accuracy": 0.5258507610444252,
    "weighted_mape": 113.35828304270916,
    "y_mean_diff": 0.14624966074264584,
    "y_std_ratio": 0.02555139194094589,
    "y_range_coverage": 0.012366478830075264
  },
  "best_iteration": 13,
  "features_used": 12
}