{
  "horizon": 1,
  "model": "lgbm_bnn-shap10",
  "timestamp": "2026-04-19T14:31:07.458770",
  "train": {
    "rmse": 11.691273609291864,
    "mae": 2.132508327231701,
    "mape": 108.41038525628275,
    "smape": 193.41033026236502,
    "weighted_rmse": 0.08371900453287107,
    "pearson": 0.0852828260594002,
    "r2": 0.00143672940159989,
    "directional_accuracy": 0.562147456181383,
    "weighted_mape": 123.74892727878344,
    "y_mean_diff": 0.06552498079620193,
    "y_std_ratio": 0.009091851908871608,
    "y_range_coverage": 0.0020424530861802978
  },
  "valid": {
    "rmse": 10.314145603171696,
    "mae": 2.362652110700861,
    "mape": 109.48691012315443,
    "smape": 193.94994090413948,
    "weighted_rmse": 0.01817981544035196,
    "pearson": 0.026405805047141295,
    "r2": 0.0003685227226027932,
    "directional_accuracy": 0.5464387962497541,
    "weighted_mape": 122.36363012130415,
    "y_mean_diff": 0.06786528262533202,
    "y_std_ratio": 0.007303173062170845,
    "y_range_coverage": 0.0015003045895386976
  },
  "best_iteration": 11,
  "features_used": 12
}