{
  "horizon": 1,
  "window": "Window 2",
  "model": "xgb",
  "timestamp": "2026-04-19T09:57:25.757958",
  "train": {
    "rmse": 9.54640248548113,
    "mae": 1.6425537564440416,
    "mape": 411.91964275695796,
    "smape": 162.40806875835136,
    "weighted_rmse": 0.5183464869543484,
    "pearson": 0.052357793589320155,
    "r2": 0.00040564245885876815,
    "directional_accuracy": 0.6669729715855129,
    "weighted_mape": 215.26925561296508,
    "y_mean_diff": 0.14929790209153787,
    "y_std_ratio": 0.006628028984371237,
    "y_range_coverage": 0.002771606515960314
  },
  "valid": {
    "rmse": 13.4325978375608,
    "mae": 2.6457046718510497,
    "mape": 389.2911924004566,
    "smape": 172.37360840426336,
    "weighted_rmse": 0.0,
    "pearson": 0.0014663952737413255,
    "r2": -4.04974526402313e-06,
    "directional_accuracy": 0.5257678693636326,
    "weighted_mape": 2541.976031919167,
    "y_mean_diff": 0.15112691811392204,
    "y_std_ratio": 0.005552207823315475,
    "y_range_coverage": 0.00104143162938899
  },
  "best_iteration": 500
}