{
  "horizon": 25,
  "window": "Window 3",
  "model": "xgb",
  "timestamp": "2026-04-19T12:51:59.005769",
  "train": {
    "rmse": 56.47932860928644,
    "mae": 12.234595978363382,
    "mape": 221.79631642427066,
    "smape": 102.04680924305178,
    "weighted_rmse": 0.7831385628778712,
    "pearson": 0.12426547956733379,
    "r2": 0.006671531702918565,
    "directional_accuracy": 0.6963580349495698,
    "weighted_mape": 175.06587372521608,
    "y_mean_diff": -0.3579679836210188,
    "y_std_ratio": 0.03082846841712745,
    "y_range_coverage": 0.014004035464567981
  },
  "valid": {
    "rmse": 45.61361166077687,
    "mae": 12.025538192978553,
    "mape": 1334.2689307340686,
    "smape": 158.17059048236013,
    "weighted_rmse": 0.0,
    "pearson": 0.0033729740852131125,
    "r2": -0.001041847462331491,
    "directional_accuracy": 0.513774852938894,
    "weighted_mape": 8068.333400682382,
    "y_mean_diff": -0.4837848354753431,
    "y_std_ratio": 0.028818637487332422,
    "y_range_coverage": 0.009651061972692032
  },
  "best_iteration": 500
}