{
  "horizon": 25,
  "window": "Window 1",
  "model": "lgbm",
  "timestamp": "2026-04-19T10:29:04.844637",
  "train": {
    "rmse": 59.93315524493261,
    "mae": 10.059155641817826,
    "mape": 115.18223519477505,
    "smape": 187.38650116050027,
    "weighted_rmse": 0.15287229278847406,
    "pearson": 0.3194166578137227,
    "r2": 0.00030936729716302125,
    "directional_accuracy": 0.5262931206380858,
    "weighted_mape": 247.07806260828738,
    "y_mean_diff": 2.952732833485479,
    "y_std_ratio": 0.004311694940176159,
    "y_range_coverage": 0.0007456589530803765
  },
  "valid": {
    "rmse": 35.09496956552783,
    "mae": 6.938536452094968,
    "mape": 118.38403010268262,
    "smape": 189.12665947546546,
    "weighted_rmse": 0.04898379301727846,
    "pearson": 0.31220492501304403,
    "r2": -0.003096307934013831,
    "directional_accuracy": 0.5119547092679253,
    "weighted_mape": 416.57631328472837,
    "y_mean_diff": 2.9751167215852115,
    "y_std_ratio": 0.0027857205880621296,
    "y_range_coverage": 0.0005832292889228562
  },
  "best_iteration": 4
}