{
  "horizon": 1,
  "model": "lgbm_shap_10",
  "timestamp": "2026-04-19T14:54:07.207798",
  "train": {
    "rmse": 11.695010021655804,
    "mae": 2.1333024848084716,
    "mape": 111.54042113814822,
    "smape": 193.20306206071362,
    "weighted_rmse": 0.10094452313542619,
    "pearson": 0.0703992142399502,
    "r2": 0.0007983660415304961,
    "directional_accuracy": 0.5657730495173986,
    "weighted_mape": 123.72069639092744,
    "y_mean_diff": 0.07022261656564512,
    "y_std_ratio": 0.00619907279861384,
    "y_range_coverage": 0.001743036738689692
  },
  "valid": {
    "rmse": 10.314201605218667,
    "mae": 2.363270217272226,
    "mape": 106.56308494825754,
    "smape": 193.8757644847279,
    "weighted_rmse": 0.023493963360506263,
    "pearson": 0.031294097301536525,
    "r2": 0.00035766742482457037,
    "directional_accuracy": 0.5483923282762562,
    "weighted_mape": 124.28805149241657,
    "y_mean_diff": 0.07001830938424934,
    "y_std_ratio": 0.005618892199694567,
    "y_range_coverage": 0.0014200224899387937
  },
  "best_iteration": 11,
  "features_used": 90
}