{
  "horizon": 1,
  "model": "lgbm_bnn-aggregated",
  "timestamp": "2026-04-19T14:31:12.888473",
  "train": {
    "rmse": 11.688446311341064,
    "mae": 2.1313457524373374,
    "mape": 111.90735201335045,
    "smape": 192.08386888910013,
    "weighted_rmse": 0.0998272405144087,
    "pearson": 0.08851746502687799,
    "r2": 0.00191963564634412,
    "directional_accuracy": 0.5595536109880372,
    "weighted_mape": 122.78769621103145,
    "y_mean_diff": 0.058894246823558864,
    "y_std_ratio": 0.011768741980015372,
    "y_range_coverage": 0.002554462632100423
  },
  "valid": {
    "rmse": 10.312380359827683,
    "mae": 2.3620670320486528,
    "mape": 114.3601513571515,
    "smape": 192.4300560987458,
    "weighted_rmse": 0.014188909102669685,
    "pearson": 0.03954663994060494,
    "r2": 0.0007106629010575904,
    "directional_accuracy": 0.5462034649509421,
    "weighted_mape": 122.12329048103928,
    "y_mean_diff": 0.06210424867659209,
    "y_std_ratio": 0.009113454224197128,
    "y_range_coverage": 0.00208419875848836
  },
  "best_iteration": 17,
  "features_used": 12
}