{
  "horizon": 3,
  "window": "Window 1",
  "model": "xgb",
  "timestamp": "2026-04-19T10:03:40.206747",
  "train": {
    "rmse": 22.612943250225694,
    "mae": 3.513368978753116,
    "mape": 244.68856161356177,
    "smape": 156.5963800741899,
    "weighted_rmse": 0.0,
    "pearson": 0.16979882620125974,
    "r2": 0.014057585411738849,
    "directional_accuracy": 0.6211167079254793,
    "weighted_mape": 219.56901816155613,
    "y_mean_diff": 0.36787682778359587,
    "y_std_ratio": 0.04932843425190423,
    "y_range_coverage": 0.01856874539082862
  },
  "valid": {
    "rmse": 15.10452698736607,
    "mae": 2.5100943482390443,
    "mape": 857.1078054329234,
    "smape": 168.43456274768081,
    "weighted_rmse": 0.0,
    "pearson": 0.09231659141938163,
    "r2": 0.005750752053848229,
    "directional_accuracy": 0.5053844439964775,
    "weighted_mape": 19281.728247539504,
    "y_mean_diff": 0.45919351286412413,
    "y_std_ratio": 0.02849330374132024,
    "y_range_coverage": 0.007529670787009381
  },
  "best_iteration": 500
}