{
  "horizon": 3,
  "window": "Window 2",
  "model": "lgbm",
  "timestamp": "2026-04-19T10:06:20.903160",
  "train": {
    "rmse": 16.243928657605153,
    "mae": 2.923833576112085,
    "mape": 102.85831030796516,
    "smape": 196.20133397067093,
    "weighted_rmse": 0.033014063244226864,
    "pearson": 0.10590062731754409,
    "r2": 8.970085559556473e-05,
    "directional_accuracy": 0.5140245269123627,
    "weighted_mape": 132.4048858033496,
    "y_mean_diff": 0.47952572145981737,
    "y_std_ratio": 0.0046392240182346655,
    "y_range_coverage": 0.0038497171645144627
  },
  "valid": {
    "rmse": 23.011722957244846,
    "mae": 4.84163666074546,
    "mape": 102.93253529215652,
    "smape": 196.20016391255336,
    "weighted_rmse": 0.011326180039721525,
    "pearson": -0.025876242380105045,
    "r2": -0.0004480376243038986,
    "directional_accuracy": 0.5091229000457953,
    "weighted_mape": 121.68013077014892,
    "y_mean_diff": 0.4748158244638541,
    "y_std_ratio": 0.010697013029961521,
    "y_range_coverage": 0.0038497171645144627
  },
  "best_iteration": 1
}