{
  "horizon": 25,
  "window": "Window 1",
  "model": "cat",
  "timestamp": "2026-04-19T12:16:27.644871",
  "train": {
    "rmse": 60.017759633081994,
    "mae": 10.093955194712922,
    "mape": 136.126831770446,
    "smape": 181.4826409059505,
    "weighted_rmse": 0.19005580064563377,
    "pearson": -0.02292553822867345,
    "r2": -0.0025150430384517364,
    "directional_accuracy": 0.5260154584325633,
    "weighted_mape": 200.7919475517388,
    "y_mean_diff": 3.0047719677603064,
    "y_std_ratio": 4.9314654036631476e-05,
    "y_range_coverage": 6.778988743666417e-06
  },
  "valid": {
    "rmse": 35.1489934706463,
    "mae": 6.953312468369902,
    "mape": 137.68948805641028,
    "smape": 185.00797494740843,
    "weighted_rmse": 0.05567911783568011,
    "pearson": -0.025958891967188452,
    "r2": -0.006186944021761898,
    "directional_accuracy": 0.5011941954861823,
    "weighted_mape": 422.9593390591062,
    "y_mean_diff": 3.0052143973524204,
    "y_std_ratio": 3.870945661082339e-05,
    "y_range_coverage": 4.975938559596519e-06
  },
  "best_iteration": 499
}