{
  "horizon": 1,
  "window": "Window 3",
  "model": "lgbm",
  "timestamp": "2026-04-19T09:57:44.066234",
  "train": {
    "rmse": 11.977616330092292,
    "mae": 2.461675610087018,
    "mape": 101.50814916726804,
    "smape": 198.28614792798194,
    "weighted_rmse": 0.04232235851740926,
    "pearson": 0.024560058911777923,
    "r2": 2.802748516383957e-05,
    "directional_accuracy": 0.5565483860575994,
    "weighted_mape": 105.58089714786539,
    "y_mean_diff": -0.011658840280431631,
    "y_std_ratio": 0.0005971384835556195,
    "y_range_coverage": 0.0001849404675365207
  },
  "valid": {
    "rmse": 10.041814897703572,
    "mae": 2.2584876658153825,
    "mape": 101.05069997832794,
    "smape": 198.45799724566038,
    "weighted_rmse": 0.0,
    "pearson": -0.001081013471529228,
    "r2": -4.095882879084911e-06,
    "directional_accuracy": 0.5363977879173855,
    "weighted_mape": 105.44265712833865,
    "y_mean_diff": -0.011786607988196486,
    "y_std_ratio": 0.0005417624119654406,
    "y_range_coverage": 0.00016043072670743745
  },
  "best_iteration": 1
}