{
  "horizon": 3,
  "model": "lgbm_shap_10",
  "timestamp": "2026-04-19T14:53:29.329149",
  "train": {
    "rmse": 19.331807175053545,
    "mae": 3.7781154165488964,
    "mape": 102.83800274382133,
    "smape": 196.10806605191243,
    "weighted_rmse": 0.052337589070800335,
    "pearson": 0.11947343384455042,
    "r2": 0.0030321709557112886,
    "directional_accuracy": 0.5319249647369242,
    "weighted_mape": 113.62499117164187,
    "y_mean_diff": 0.21992268957738792,
    "y_std_ratio": 0.014056619659608008,
    "y_range_coverage": 0.01003476586187959
  },
  "valid": {
    "rmse": 17.415184283278236,
    "mae": 4.174030945238904,
    "mape": 104.11932646901703,
    "smape": 196.16436477472706,
    "weighted_rmse": 0.024658249352600286,
    "pearson": 0.03783203264639936,
    "r2": 0.001001653738026631,
    "directional_accuracy": 0.5288522375095174,
    "weighted_mape": 105.5679407898857,
    "y_mean_diff": 0.2044008448095997,
    "y_std_ratio": 0.015464546946174591,
    "y_range_coverage": 0.0071441129306771285
  },
  "best_iteration": 5,
  "features_used": 90
}