{
  "horizon": 25,
  "window": "Window 4",
  "model": "lgbm",
  "timestamp": "2026-04-19T13:09:37.010907",
  "train": {
    "rmse": 44.80391044532042,
    "mae": 11.337093693297472,
    "mape": 101.88170140049324,
    "smape": 196.4420131974795,
    "weighted_rmse": 0.07518135341338895,
    "pearson": 0.09257199778138539,
    "r2": -0.0005194501138998664,
    "directional_accuracy": 0.5284760029344763,
    "weighted_mape": 113.6399243099361,
    "y_mean_diff": -1.1266783068334383,
    "y_std_ratio": 0.0006136859503945583,
    "y_range_coverage": 0.00045727525505691807
  },
  "valid": {
    "rmse": 43.33896424348695,
    "mae": 11.807637771766249,
    "mape": 101.53226546816478,
    "smape": 198.05831646462292,
    "weighted_rmse": 0.0,
    "pearson": -0.0030713257203569,
    "r2": -0.004762594611034121,
    "directional_accuracy": 0.5068973511853011,
    "weighted_mape": 104.71660847758757,
    "y_mean_diff": -1.1259633732622654,
    "y_std_ratio": 0.00043643267771868884,
    "y_range_coverage": 0.00046170585596686046
  },
  "best_iteration": 2
}