{
  "horizon": 10,
  "window": "Window 3",
  "model": "lgbm",
  "timestamp": "2026-04-19T10:23:17.578028",
  "train": {
    "rmse": 35.909762412608615,
    "mae": 7.9452803548528275,
    "mape": 101.3529919292741,
    "smape": 197.9946697020285,
    "weighted_rmse": 0.03607595900238467,
    "pearson": 0.0006934325818975037,
    "r2": -2.022783262223271e-06,
    "directional_accuracy": 0.5327177694002805,
    "weighted_mape": 101.92287403029125,
    "y_mean_diff": -0.05663268658121416,
    "y_std_ratio": 0.000565232568501618,
    "y_range_coverage": 0.0001550476498542893
  },
  "valid": {
    "rmse": 31.13133978373887,
    "mae": 7.6714642425489865,
    "mape": 123.41581377762726,
    "smape": 198.07783065798404,
    "weighted_rmse": 0.0,
    "pearson": 0.043273276222227486,
    "r2": 2.5279134570621586e-05,
    "directional_accuracy": 0.5242718446601942,
    "weighted_mape": 101.02091049665948,
    "y_mean_diff": -0.057345845291347106,
    "y_std_ratio": 0.0005866643913555001,
    "y_range_coverage": 0.0001550476498542893
  },
  "best_iteration": 1
}