{
  "horizon": 3,
  "model": "lgbm_all_plus_shap",
  "timestamp": "2026-04-19T13:48:49.438479",
  "train": {
    "rmse": 19.22931606634225,
    "mae": 3.7471844735283732,
    "mape": 118.13041263256335,
    "smape": 186.33214304593005,
    "weighted_rmse": 0.14558426715399267,
    "pearson": 0.19375395609336413,
    "r2": 0.013575362635322996,
    "directional_accuracy": 0.5690304828961755,
    "weighted_mape": 107.08550213063978,
    "y_mean_diff": 0.13419822766001152,
    "y_std_ratio": 0.03910212163203368,
    "y_range_coverage": 0.020265798085866166
  },
  "valid": {
    "rmse": 17.385789734868077,
    "mae": 4.154754974934016,
    "mape": 121.06525990448824,
    "smape": 186.04534340905195,
    "weighted_rmse": 0.07344067465438667,
    "pearson": 0.07317736430073252,
    "r2": 0.004371164223734403,
    "directional_accuracy": 0.5539117155685497,
    "weighted_mape": 116.53077880164024,
    "y_mean_diff": 0.09862943891147594,
    "y_std_ratio": 0.03853347060397019,
    "y_range_coverage": 0.014179550057502283
  },
  "best_iteration": 20,
  "features_used": 172
}