{
  "horizon": 10,
  "model": "lgbm_shap_10",
  "timestamp": "2026-04-19T14:54:11.467571",
  "train": {
    "rmse": 33.484692005082714,
    "mae": 6.814861645700785,
    "mape": 260.32719068346756,
    "smape": 182.6508957075142,
    "weighted_rmse": 0.12465389232576608,
    "pearson": 0.1915544169726865,
    "r2": 0.021007783283695014,
    "directional_accuracy": 0.5292623919495734,
    "weighted_mape": 141.15082179997088,
    "y_mean_diff": 0.32210363376460016,
    "y_std_ratio": 0.06667558819680607,
    "y_range_coverage": 0.01784668766357354
  },
  "valid": {
    "rmse": 30.6279563934885,
    "mae": 7.723615154269673,
    "mape": 693.1085001332497,
    "smape": 183.48474979469904,
    "weighted_rmse": 0.0649842523196386,
    "pearson": 0.08417234381934148,
    "r2": 0.006848548255542264,
    "directional_accuracy": 0.522134203168686,
    "weighted_mape": 153.54581104505414,
    "y_mean_diff": 0.15249823975850585,
    "y_std_ratio": 0.07584585666784184,
    "y_range_coverage": 0.014972337628747143
  },
  "best_iteration": 27,
  "features_used": 90
}