{
  "horizon": 3,
  "window": "Window 4",
  "model": "cat",
  "timestamp": "2026-04-19T10:16:48.303205",
  "train": {
    "rmse": 17.77518218784438,
    "mae": 4.057584468122651,
    "mape": 119.35260960462762,
    "smape": 186.16682325321244,
    "weighted_rmse": 0.14029499412051244,
    "pearson": 0.006327018446645617,
    "r2": -7.381861682875801e-05,
    "directional_accuracy": 0.5511618563855043,
    "weighted_mape": 135.57279561387477,
    "y_mean_diff": -0.1579491673260752,
    "y_std_ratio": 0.00042074585408785983,
    "y_range_coverage": 7.277400930521673e-05
  },
  "valid": {
    "rmse": 16.895962444219172,
    "mae": 4.178101970303468,
    "mape": 149.29119387540396,
    "smape": 187.80740798638686,
    "weighted_rmse": 0.0,
    "pearson": 0.027024654102838937,
    "r2": -0.00033432652658915707,
    "directional_accuracy": 0.5250707840990599,
    "weighted_mape": 420.76689639429475,
    "y_mean_diff": -0.16146751625315053,
    "y_std_ratio": 0.0004662091874663475,
    "y_range_coverage": 5.043853200640475e-05
  },
  "best_iteration": 464
}