{
  "horizon": 3,
  "window": "Window 2",
  "model": "cat",
  "timestamp": "2026-04-19T10:08:38.452524",
  "train": {
    "rmse": 16.25139835785564,
    "mae": 2.924775852701621,
    "mape": 112.17222730989928,
    "smape": 188.02078408339884,
    "weighted_rmse": 0.10074783725309382,
    "pearson": 0.04423174743912672,
    "r2": -0.0008301194255755373,
    "directional_accuracy": 0.5349733438029508,
    "weighted_mape": 135.50802437044425,
    "y_mean_diff": 0.47961741802303287,
    "y_std_ratio": 0.0004725951406134636,
    "y_range_coverage": 3.572762046988882e-05
  },
  "valid": {
    "rmse": 23.006511058008964,
    "mae": 4.842222606712953,
    "mape": 132.342729685787,
    "smape": 185.9722295080131,
    "weighted_rmse": 0.0,
    "pearson": 0.00894741520456278,
    "r2": 5.091755837183243e-06,
    "directional_accuracy": 0.511860561525951,
    "weighted_mape": 305.82599074368665,
    "y_mean_diff": 0.4796120576202856,
    "y_std_ratio": 0.00043231082469365396,
    "y_range_coverage": 2.3392991258948238e-05
  },
  "best_iteration": 193
}