{
  "horizon": 25,
  "model": "lgbm_bnn-aggregated",
  "timestamp": "2026-04-19T14:32:00.876414",
  "train": {
    "rmse": 52.65177966432251,
    "mae": 10.898086092468159,
    "mape": 118.99212501069722,
    "smape": 185.17275136657912,
    "weighted_rmse": 0.1675595235023313,
    "pearson": 0.21351336722847516,
    "r2": 0.006482017061526291,
    "directional_accuracy": 0.5174151959626069,
    "weighted_mape": 181.56089622842478,
    "y_mean_diff": 1.480912381818511,
    "y_std_ratio": 0.017758503649230404,
    "y_range_coverage": 0.003754458482230293
  },
  "valid": {
    "rmse": 43.944959108507355,
    "mae": 11.850605244657347,
    "mape": 116.17590572836158,
    "smape": 186.40745108778296,
    "weighted_rmse": 0.07220364090928347,
    "pearson": 0.04138146551922357,
    "r2": 0.001345625461165345,
    "directional_accuracy": 0.5126624159704142,
    "weighted_mape": 130.93657453534718,
    "y_mean_diff": 1.4068616175629827,
    "y_std_ratio": 0.018505763995881958,
    "y_range_coverage": 0.003166079300271524
  },
  "best_iteration": 17,
  "features_used": 12
}