{
  "horizon": 1,
  "model": "baseline_lgbm_raw",
  "validation_type": "time_validation",
  "timestamp": "2026-04-20T11:31:26.528152",
  "train": {
    "rmse": 11.692080350569011,
    "mae": 2.133082385394149,
    "mape": 107.47043395316811,
    "smape": 193.9503643673319,
    "weighted_rmse": 0.07127141610524391,
    "pearson": 0.07723167682396362,
    "r2": 0.001298915502235376,
    "directional_accuracy": 0.6066179077747796,
    "weighted_mape": 122.5345191727743,
    "y_mean_diff": 0.06534992061743602,
    "y_std_ratio": 0.009153653184226044,
    "y_range_coverage": 0.004697357829977736
  },
  "valid": {
    "rmse": 10.312491270969403,
    "mae": 2.36278300475091,
    "mape": 107.81059035582663,
    "smape": 194.29957893825033,
    "weighted_rmse": 0.029269747841458825,
    "pearson": 0.051032075557428905,
    "r2": 0.0006891677828735343,
    "directional_accuracy": 0.5734930677408991,
    "weighted_mape": 121.66422801153402,
    "y_mean_diff": 0.00858794241157918,
    "y_std_ratio": 0.007278082328998842,
    "y_range_coverage": 0.005275249779293615
  },
  "training_time_seconds": 0,
  "features_used": 86,
  "best_iteration": 8
}