{
  "horizon": 1,
  "window": "Window 3",
  "model": "xgb",
  "timestamp": "2026-04-19T09:59:16.829082",
  "train": {
    "rmse": 11.975578413243545,
    "mae": 2.450297238783123,
    "mape": 161.64084543748402,
    "smape": 169.37472914752595,
    "weighted_rmse": 0.4233830109768972,
    "pearson": 0.03189814112557208,
    "r2": 0.00036827654813831323,
    "directional_accuracy": 0.6516214436425701,
    "weighted_mape": 188.60190298946583,
    "y_mean_diff": -0.0198896762114235,
    "y_std_ratio": 0.006472613510794229,
    "y_range_coverage": 0.007385958926910171
  },
  "valid": {
    "rmse": 10.041566097401597,
    "mae": 2.258945357797867,
    "mape": 402.89567343714754,
    "smape": 177.30921015926532,
    "weighted_rmse": 0.0,
    "pearson": 0.007049282058211638,
    "r2": 4.54565618458469e-05,
    "directional_accuracy": 0.525954418002732,
    "weighted_mape": 1139.262478063114,
    "y_mean_diff": -0.020444899996764285,
    "y_std_ratio": 0.004272231368048689,
    "y_range_coverage": 0.002405860237709784
  },
  "best_iteration": 500
}