{
  "horizon": 10,
  "model": "lgbm_bnn-shap10",
  "timestamp": "2026-04-19T14:31:37.471718",
  "train": {
    "rmse": 33.43919006880981,
    "mae": 6.804096840127899,
    "mape": 203.94856085844916,
    "smape": 180.31297792082052,
    "weighted_rmse": 0.1780693945312717,
    "pearson": 0.19517049432701009,
    "r2": 0.02366665647362398,
    "directional_accuracy": 0.5305885103590796,
    "weighted_mape": 145.3867798871527,
    "y_mean_diff": 0.30143209884510913,
    "y_std_ratio": 0.07539766669998561,
    "y_range_coverage": 0.03315636964880951
  },
  "valid": {
    "rmse": 30.624842882161914,
    "mae": 7.715468635516051,
    "mape": 460.9994659585876,
    "smape": 180.55172670151006,
    "weighted_rmse": 0.09010902526214846,
    "pearson": 0.08607423535172604,
    "r2": 0.007050457327421822,
    "directional_accuracy": 0.5249374519647442,
    "weighted_mape": 149.7448694094232,
    "y_mean_diff": 0.18248894511051694,
    "y_std_ratio": 0.06699559600339694,
    "y_range_coverage": 0.017165713692147755
  },
  "best_iteration": 58,
  "features_used": 12
}