{
  "horizon": 1,
  "model": "lgbm_shap_10",
  "timestamp": "2026-04-20T11:32:18.088429",
  "train": {
    "rmse": 11.695770569667191,
    "mae": 2.1334772951552208,
    "mape": 110.03246268134068,
    "smape": 193.33243209059893,
    "weighted_rmse": 0.10942043472100371,
    "pearson": 0.07146233772379383,
    "r2": 0.0006684019757539073,
    "directional_accuracy": 0.5496405907604297,
    "weighted_mape": 123.76040589323311,
    "y_mean_diff": 0.07229785238245538,
    "y_std_ratio": 0.005127747475232464,
    "y_range_coverage": 0.0018205324996418471
  },
  "valid": {
    "rmse": 10.314660222267877,
    "mae": 2.3630617370486737,
    "mape": 109.88200202322223,
    "smape": 193.60872398937047,
    "weighted_rmse": 0.022447053379237046,
    "pearson": 0.02360092669510807,
    "r2": 0.00026876801663966443,
    "directional_accuracy": 0.5407639898951236,
    "weighted_mape": 127.70169884717959,
    "y_mean_diff": 0.06894237239533088,
    "y_std_ratio": 0.0058510768869678605,
    "y_range_coverage": 0.0012453134551785841
  },
  "best_iteration": 12,
  "features_used": 90
}