{
  "horizon": 10,
  "window": "Window 2",
  "model": "cat",
  "timestamp": "2026-04-19T10:23:13.629640",
  "train": {
    "rmse": 28.99442545658221,
    "mae": 5.450539536130212,
    "mape": 129.61916199840812,
    "smape": 183.1969143675192,
    "weighted_rmse": 0.11570486874853657,
    "pearson": 0.05438334509231831,
    "r2": -0.0024982678560159233,
    "directional_accuracy": 0.5343584172034264,
    "weighted_mape": 171.47539243494157,
    "y_mean_diff": 1.4812690731288578,
    "y_std_ratio": 0.0010982129552075345,
    "y_range_coverage": 8.930514823275241e-05
  },
  "valid": {
    "rmse": 40.418969874030644,
    "mae": 8.720117686466489,
    "mape": 194.05336830391187,
    "smape": 181.16390440250456,
    "weighted_rmse": 0.0,
    "pearson": 0.012798053165005204,
    "r2": 5.720955814192408e-06,
    "directional_accuracy": 0.5177265875259092,
    "weighted_mape": 784.5663363135326,
    "y_mean_diff": 1.4819557603149192,
    "y_std_ratio": 0.0008909428592141726,
    "y_range_coverage": 7.916109368460792e-05
  },
  "best_iteration": 285
}