{
  "horizon": 1,
  "window": "Window 4",
  "model": "lgbm",
  "timestamp": "2026-04-19T10:00:59.493307",
  "train": {
    "rmse": 10.450256849986975,
    "mae": 2.304892297811885,
    "mape": 101.10111441201232,
    "smape": 198.38950892203755,
    "weighted_rmse": 0.04102213327081033,
    "pearson": 0.011483840576488678,
    "r2": -1.7443114567416984e-05,
    "directional_accuracy": 0.5266676240040803,
    "weighted_mape": 107.02959899927815,
    "y_mean_diff": -0.05462694713491983,
    "y_std_ratio": 0.000438649433079793,
    "y_range_coverage": 0.00024079977256643198
  },
  "valid": {
    "rmse": 10.017231113370157,
    "mae": 2.3851823809491477,
    "mape": 100.79691248640488,
    "smape": 198.5417592576373,
    "weighted_rmse": 0.00932962319908218,
    "pearson": 0.015276434226006852,
    "r2": -0.00016680639645394457,
    "directional_accuracy": 0.5103445542461554,
    "weighted_mape": 105.43246167083753,
    "y_mean_diff": -0.054649969842893935,
    "y_std_ratio": 0.0005391619582810628,
    "y_range_coverage": 0.00024079977256643198
  },
  "best_iteration": 1
}