{
  "horizon": 1,
  "model": "catboost_shap_10",
  "timestamp": "2026-04-19T16:46:29.134517",
  "train": {
    "rmse": 11.699946276867962,
    "mae": 2.135731956688469,
    "mape": 122.26629159172988,
    "smape": 190.0289540401117,
    "weighted_rmse": 0.06652327436973496,
    "pearson": 0.008903298344105175,
    "r2": -4.530235814503847e-05,
    "directional_accuracy": 0.5406261988161523,
    "weighted_mape": 130.06433878002193,
    "y_mean_diff": 0.08110891789275088,
    "y_std_ratio": 0.000156271226845642,
    "y_range_coverage": 4.726067703025962e-06
  },
  "valid": {
    "rmse": 10.316057440375632,
    "mae": 2.364466133459184,
    "mape": 116.18166157148688,
    "smape": 191.17668512360711,
    "weighted_rmse": 0.018325116480164792,
    "pearson": 0.004171271604008117,
    "r2": -2.096395346651292e-06,
    "directional_accuracy": 0.5383137866359343,
    "weighted_mape": 127.48702605480126,
    "y_mean_diff": 0.0811409150172641,
    "y_std_ratio": 0.00013565902896107187,
    "y_range_coverage": 3.944365744288267e-06
  },
  "best_iteration": 499,
  "features_used": 90
}