{
  "horizon": 25,
  "model": "lgbm_bnn-shap10",
  "timestamp": "2026-04-19T14:31:54.423326",
  "train": {
    "rmse": 52.752396510700436,
    "mae": 10.925867068966918,
    "mape": 114.0759558477825,
    "smape": 187.39261967287047,
    "weighted_rmse": 0.16221765826975795,
    "pearson": 0.19692908020203054,
    "r2": 0.0026811897219143344,
    "directional_accuracy": 0.5219484599548945,
    "weighted_mape": 184.27629936294898,
    "y_mean_diff": 1.5752307656624458,
    "y_std_ratio": 0.009284218834950059,
    "y_range_coverage": 0.0018183027288787307
  },
  "valid": {
    "rmse": 43.950973056352986,
    "mae": 11.858487601244754,
    "mape": 111.20119897267166,
    "smape": 189.36390965473174,
    "weighted_rmse": 0.06759370955252772,
    "pearson": 0.0617379883671308,
    "r2": 0.0010722714109049347,
    "directional_accuracy": 0.5139401343921808,
    "weighted_mape": 129.93540618008515,
    "y_mean_diff": 1.5514632607413825,
    "y_std_ratio": 0.007907612186864336,
    "y_range_coverage": 0.0012868497876831909
  },
  "best_iteration": 13,
  "features_used": 12
}