{
  "horizon": 3,
  "window": "Window 2",
  "model": "xgb",
  "timestamp": "2026-04-19T10:07:22.599240",
  "train": {
    "rmse": 16.11408527188369,
    "mae": 2.859212378840925,
    "mape": 152.97855788964964,
    "smape": 170.94456028429056,
    "weighted_rmse": 0.0,
    "pearson": 0.1476303817274165,
    "r2": 0.016011076306798322,
    "directional_accuracy": 0.5847826030804677,
    "weighted_mape": 245.27017607110508,
    "y_mean_diff": 0.2535143045864114,
    "y_std_ratio": 0.07319849913119132,
    "y_range_coverage": 0.01456743592264448
  },
  "valid": {
    "rmse": 23.06339222157317,
    "mae": 4.84710514028165,
    "mape": 3008.58995620064,
    "smape": 167.53508131996995,
    "weighted_rmse": 0.0,
    "pearson": -0.01671227030294831,
    "r2": -0.004945784086732852,
    "directional_accuracy": 0.5007949560154709,
    "weighted_mape": 27073.61727783298,
    "y_mean_diff": 0.14966058714008418,
    "y_std_ratio": 0.07681773136385463,
    "y_range_coverage": 0.009333835048711233
  },
  "best_iteration": 500
}