{
  "horizon": 1,
  "window": "Window 2",
  "model": "lgbm",
  "timestamp": "2026-04-19T09:55:50.169956",
  "train": {
    "rmse": 9.539626074798253,
    "mae": 1.6474226410635084,
    "mape": 134.8094063320222,
    "smape": 186.22115803976945,
    "weighted_rmse": 0.2096115069912065,
    "pearson": 0.09669775982163127,
    "r2": 0.0018242413054763151,
    "directional_accuracy": 0.5972953612389885,
    "weighted_mape": 139.90937231894392,
    "y_mean_diff": 0.14279288632904577,
    "y_std_ratio": 0.011242676052353363,
    "y_range_coverage": 0.0022580562151660434
  },
  "valid": {
    "rmse": 13.434901531924353,
    "mae": 2.6431659212990506,
    "mape": 121.53445001466736,
    "smape": 188.20169978119048,
    "weighted_rmse": 0.033234691264592504,
    "pearson": -0.01384509005770361,
    "r2": -0.0003470811177073152,
    "directional_accuracy": 0.5496740677612671,
    "weighted_mape": 170.54804554083626,
    "y_mean_diff": 0.136575847093992,
    "y_std_ratio": 0.013124983899790627,
    "y_range_coverage": 0.0017057177194261756
  },
  "best_iteration": 32
}