{
  "horizon": 25,
  "window": "Window 4",
  "model": "cat",
  "timestamp": "2026-04-19T13:20:50.121837",
  "train": {
    "rmse": 44.80642230529193,
    "mae": 11.3396234906323,
    "mape": 101.62506636954038,
    "smape": 198.3823130061554,
    "weighted_rmse": 0.027718346509571952,
    "pearson": -0.011328418586600173,
    "r2": -0.0006316383216149468,
    "directional_accuracy": 0.5058299270658011,
    "weighted_mape": 110.29054869049138,
    "y_mean_diff": -1.1257202163505544,
    "y_std_ratio": 8.887062583408084e-07,
    "y_range_coverage": 2.632341270173158e-07
  },
  "valid": {
    "rmse": 43.338915081747906,
    "mae": 11.807724847063518,
    "mape": 100.49892901518626,
    "smape": 199.08076830294425,
    "weighted_rmse": 0.0,
    "pearson": 0.012378630666756926,
    "r2": -0.004760315098852663,
    "directional_accuracy": 0.5009586438442919,
    "weighted_mape": 100.87690706771284,
    "y_mean_diff": -1.1257393140567564,
    "y_std_ratio": 4.99357819248542e-07,
    "y_range_coverage": 1.8405859453854535e-07
  },
  "best_iteration": 8
}